Player,Nation,Pos,Squad,Age,birth_year,MP,Starts,Min,90s,Gls,Ast,G+A,G-PK,PK,PKatt,CrdY,CrdR,xG,npxG,xAG,npxG+xAG,PrgC,PrgP,PrgR,Gls,Ast,G+A,G-PK,G+A-PK,xG,xAG,xG+xAG,npxG,npxG+xAG,Matches
Aaron Cresswell,eng ENG,DF,West Ham,35-130,1989,14,7,589,6.5,0,0,0,0,0,0,2,0,0.1,0.1,1.1,1.3,4,24,2,0.00,0.00,0.00,0.00,0.00,0.02,0.17,0.19,0.02,0.19,Matches
Aaron Ramsdale,eng ENG,GK,Southampton,26-345,1998,25,25,"2,250",25.0,0,0,0,0,0,0,2,0,0.0,0.0,0.0,0.0,0,0,0,0.00,0.00,0.00,0.00,0.00,0.00,0.00,0.00,0.00,0.00,Matches
Aaron Wan-Bissaka,eng ENG,DF,West Ham,27-149,1997,31,30,"2,704",30.0,2,2,4,2,0,0,1,0,1.0,1.0,2.7,3.7,93,118,131,0.07,0.07,0.13,0.07,0.13,0.03,0.09,0.12,0.03,0.12,Matches
Abdoulaye Doucouré,ml MLI,MF,Everton,32-113,1993,29,28,"2,335",25.9,3,1,4,3,0,0,5,1,3.7,3.7,2.3,6.0,38,74,88,0.12,0.04,0.15,0.12,0.15,0.14,0.09,0.23,0.14,0.23,Matches
Abdukodir Khusanov,uz UZB,DF,Manchester City,21-054,2004,6,6,503,5.6,0,0,0,0,0,0,1,0,0.0,0.0,0.1,0.1,1,25,2,0.00,0.00,0.00,0.00,0.00,0.00,0.02,0.02,0.00,0.02,Matches
Abdul Fatawu Issahaku,gh GHA,FW,Leicester City,21-047,2004,11,6,579,6.4,0,2,2,0,0,0,0,0,0.4,0.4,1.6,2.0,42,17,60,0.00,0.31,0.31,0.00,0.31,0.06,0.24,0.31,0.06,0.31,Matches
Adam Armstrong,eng ENG,"FW,MF",Southampton,28-073,1997,20,15,"1,248",13.9,2,2,4,2,0,1,4,0,3.3,2.3,1.2,3.5,25,21,79,0.14,0.14,0.29,0.14,0.29,0.24,0.09,0.32,0.17,0.25,Matches
Adam Lallana,eng ENG,MF,Southampton,36-349,1988,14,5,361,4.0,0,2,2,0,0,0,4,0,0.2,0.2,0.9,1.1,6,24,10,0.00,0.50,0.50,0.00,0.50,0.04,0.23,0.27,0.04,0.27,Matches
Adam Smith,eng ENG,DF,Bournemouth,33-360,1991,21,16,"1,319",14.7,0,0,0,0,0,0,5,0,0.7,0.7,0.2,0.9,12,39,31,0.00,0.00,0.00,0.00,0.00,0.04,0.02,0.06,0.04,0.06,Matches
Adam Webster,eng ENG,DF,Brighton,30-110,1995,11,8,617,6.9,0,0,0,0,0,0,0,0,0.0,0.0,0.5,0.5,7,40,2,0.00,0.00,0.00,0.00,0.00,0.00,0.07,0.08,0.00,0.08,Matches
Adam Wharton,eng ENG,MF,Crystal Palace,20-326,2004,19,15,"1,258",14.0,0,2,2,0,0,0,2,0,0.3,0.3,3.0,3.3,14,105,10,0.00,0.14,0.14,0.00,0.14,0.02,0.21,0.24,0.02,0.24,Matches
Adama Traoré,es ESP,"FW,MF",Fulham,29-089,1996,31,16,"1,523",16.9,2,5,7,2,0,0,2,0,3.8,3.8,4.1,7.9,81,57,139,0.12,0.30,0.41,0.12,0.41,0.22,0.24,0.47,0.22,0.47,Matches
Albert Grønbaek,dk DEN,"FW,MF",Southampton,23-336,2001,4,2,143,1.6,0,0,0,0,0,0,0,0,0.1,0.1,0.0,0.1,1,1,3,0.00,0.00,0.00,0.00,0.00,0.07,0.01,0.08,0.07,0.08,Matches
Alejandro Garnacho,ar ARG,"MF,FW",Manchester Utd,20-297,2004,32,21,"1,966",21.8,5,1,6,5,0,0,2,0,6.2,6.2,3.5,9.7,130,50,260,0.23,0.05,0.27,0.23,0.27,0.28,0.16,0.44,0.28,0.44,Matches
Alex Iwobi,ng NGA,"FW,MF",Fulham,28-356,1996,33,31,"2,636",29.3,9,5,14,9,0,0,1,0,4.3,4.3,6.4,10.6,128,185,214,0.31,0.17,0.48,0.31,0.48,0.15,0.22,0.36,0.15,0.36,Matches
Alex McCarthy,eng ENG,GK,Southampton,35-142,1989,5,5,450,5.0,0,0,0,0,0,0,0,0,0.0,0.0,0.0,0.0,0,0,0,0.00,0.00,0.00,0.00,0.00,0.00,0.00,0.00,0.00,0.00,Matches
Alex Palmer,eng ENG,GK,Ipswich Town,28-257,1996,9,9,810,9.0,0,0,0,0,0,0,2,0,0.0,0.0,0.0,0.0,0,1,0,0.00,0.00,0.00,0.00,0.00,0.00,0.00,0.00,0.00,0.00,Matches
Alex Scott,eng ENG,MF,Bournemouth,21-246,2003,16,6,612,6.8,0,0,0,0,0,0,2,0,0.7,0.7,0.8,1.5,12,48,31,0.00,0.00,0.00,0.00,0.00,0.10,0.12,0.21,0.10,0.21,Matches
Alexander Isak,se SWE,FW,Newcastle Utd,25-215,1999,30,30,"2,411",26.8,21,6,27,19,2,2,1,0,17.5,16.0,4.0,20.0,76,74,192,0.78,0.22,1.01,0.71,0.93,0.66,0.15,0.81,0.60,0.75,Matches
Alexis Mac Allister,ar ARG,MF,Liverpool,26-121,1998,32,29,"2,471",27.5,4,4,8,4,0,0,6,0,2.7,2.7,4.4,7.0,32,169,75,0.15,0.15,0.29,0.15,0.29,0.10,0.16,0.26,0.10,0.26,Matches
Ali Al Hamadi,iq IRQ,FW,Ipswich Town,23-054,2002,11,0,134,1.5,0,0,0,0,0,0,3,0,0.4,0.4,0.1,0.4,4,3,14,0.00,0.00,0.00,0.00,0.00,0.24,0.05,0.28,0.24,0.28,Matches
Alisson,br BRA,GK,Liverpool,32-204,1992,23,23,"2,058",22.9,0,0,0,0,0,0,0,0,0.0,0.0,0.6,0.6,0,0,0,0.00,0.00,0.00,0.00,0.00,0.00,0.03,0.03,0.00,0.03,Matches
Alphonse Areola,fr FRA,GK,West Ham,32-056,1993,22,21,"1,900",21.1,0,0,0,0,0,0,0,0,0.0,0.0,0.0,0.0,0,0,0,0.00,0.00,0.00,0.00,0.00,0.00,0.00,0.00,0.00,0.00,Matches
Amad Diallo,ci CIV,"FW,MF",Manchester Utd,22-287,2002,22,17,"1,594",17.7,6,6,12,6,0,0,3,0,4.1,4.1,3.9,8.0,92,53,159,0.34,0.34,0.68,0.34,0.68,0.23,0.22,0.45,0.23,0.45,Matches
Amadou Onana,be BEL,MF,Aston Villa,23-251,2001,22,17,"1,348",15.0,3,0,3,3,0,0,4,0,2.1,2.1,0.3,2.4,20,58,13,0.20,0.00,0.20,0.20,0.20,0.14,0.02,0.16,0.14,0.16,Matches
Andreas Pereira,br BRA,MF,Fulham,29-113,1996,30,22,"1,834",20.4,2,4,6,2,0,1,7,0,3.4,2.6,4.3,7.0,27,98,77,0.10,0.20,0.29,0.10,0.29,0.17,0.21,0.38,0.13,0.34,Matches
Andrew Robertson,sct SCO,DF,Liverpool,31-044,1994,30,26,"2,218",24.6,0,0,0,0,0,0,3,1,0.9,0.9,4.1,5.1,57,163,90,0.00,0.00,0.00,0.00,0.00,0.04,0.17,0.21,0.04,0.21,Matches
André,br BRA,MF,Wolves,23-282,2001,28,26,"2,087",23.2,0,0,0,0,0,0,7,0,0.3,0.3,0.7,0.9,8,90,11,0.00,0.00,0.00,0.00,0.00,0.01,0.03,0.04,0.01,0.04,Matches
André Onana,cm CMR,GK,Manchester Utd,29-022,1996,32,32,"2,880",32.0,0,0,0,0,0,0,0,0,0.0,0.0,0.2,0.2,0,1,0,0.00,0.00,0.00,0.00,0.00,0.00,0.01,0.01,0.00,0.01,Matches
Andrés García,es ESP,"DF,MF",Aston Villa,22-076,2003,7,5,318,3.5,0,0,0,0,0,0,0,0,0.0,0.0,0.2,0.2,26,15,28,0.00,0.00,0.00,0.00,0.00,0.01,0.05,0.06,0.01,0.06,Matches
Andy Irving,sct SCO,MF,West Ham,24-346,2000,10,1,166,1.8,0,0,0,0,0,0,2,0,0.1,0.1,0.2,0.4,0,9,4,0.00,0.00,0.00,0.00,0.00,0.06,0.13,0.19,0.06,0.19,Matches
Anthony Elanga,se SWE,FW,Nott'ham Forest,22-362,2002,33,26,"2,052",22.8,6,9,15,6,0,0,1,0,3.9,3.9,4.4,8.4,79,47,164,0.26,0.39,0.66,0.26,0.66,0.17,0.19,0.37,0.17,0.37,Matches
Anthony Gordon,eng ENG,FW,Newcastle Utd,24-059,2001,29,25,"2,176",24.2,6,5,11,5,1,2,2,0,7.9,6.3,4.9,11.2,108,91,190,0.25,0.21,0.45,0.21,0.41,0.33,0.20,0.53,0.26,0.46,Matches
Antoine Semenyo,gh GHA,FW,Bournemouth,25-107,2000,32,32,"2,823",31.4,8,4,12,8,0,0,9,0,9.1,9.1,5.7,14.8,132,103,258,0.26,0.13,0.38,0.26,0.38,0.29,0.18,0.47,0.29,0.47,Matches
Antonee Robinson,us USA,DF,Fulham,27-259,1997,33,32,"2,899",32.2,0,10,10,0,0,0,8,0,0.7,0.7,4.1,4.8,110,120,257,0.00,0.31,0.31,0.00,0.31,0.02,0.13,0.15,0.02,0.15,Matches
Antony,br BRA,"DF,MF",Manchester Utd,25-059,2000,8,0,141,1.6,0,0,0,0,0,0,0,0,1.0,1.0,0.1,1.1,5,6,7,0.00,0.00,0.00,0.00,0.00,0.65,0.08,0.73,0.65,0.73,Matches
Antonín Kinský,cz CZE,GK,Tottenham,22-042,2003,4,4,360,4.0,0,0,0,0,0,0,0,0,0.0,0.0,0.1,0.1,1,1,0,0.00,0.00,0.00,0.00,0.00,0.00,0.02,0.02,0.00,0.02,Matches
Archie Gray,eng ENG,"DF,MF",Tottenham,19-043,2006,23,14,"1,346",15.0,0,0,0,0,0,0,0,0,0.0,0.0,0.1,0.1,5,31,15,0.00,0.00,0.00,0.00,0.00,0.00,0.01,0.01,0.00,0.01,Matches
Arijanet Muric,xk KVX,GK,Ipswich Town,26-168,1998,18,18,"1,620",18.0,0,0,0,0,0,0,1,0,0.0,0.0,0.0,0.0,0,1,0,0.00,0.00,0.00,0.00,0.00,0.00,0.00,0.00,0.00,0.00,Matches
Armando Broja,al ALB,FW,Everton,23-226,2001,10,4,334,3.7,0,0,0,0,0,0,1,0,0.1,0.1,0.2,0.3,12,2,26,0.00,0.00,0.00,0.00,0.00,0.03,0.05,0.08,0.03,0.08,Matches
Armel Bella Kotchap,de GER,DF,Southampton,23-134,2001,4,2,331,3.7,0,0,0,0,0,0,0,0,0.3,0.3,0.0,0.3,0,5,0,0.00,0.00,0.00,0.00,0.00,0.09,0.00,0.09,0.09,0.09,Matches
Ashley Young,eng ENG,"DF,FW",Everton,39-289,1985,27,17,"1,586",17.6,1,3,4,1,0,0,6,1,0.3,0.3,1.6,1.8,19,81,25,0.06,0.17,0.23,0.06,0.23,0.02,0.09,0.10,0.02,0.10,Matches
Axel Disasi,fr FRA,DF,Chelsea,27-044,1998,6,4,364,4.0,1,0,1,1,0,0,1,0,0.3,0.3,0.1,0.4,6,16,2,0.25,0.00,0.25,0.25,0.25,0.07,0.02,0.09,0.07,0.09,Matches
Axel Disasi,fr FRA,DF,Aston Villa,27-044,1998,7,5,490,5.4,0,0,0,0,0,0,2,0,0.1,0.1,0.4,0.5,10,16,5,0.00,0.00,0.00,0.00,0.00,0.02,0.07,0.09,0.02,0.09,Matches
Axel Tuanzebe,cd COD,DF,Ipswich Town,27-161,1997,18,17,"1,445",16.1,0,1,1,0,0,0,5,1,0.2,0.2,0.3,0.5,9,45,8,0.00,0.06,0.06,0.00,0.06,0.01,0.02,0.03,0.01,0.03,Matches
Ayden Heaven,eng ENG,DF,Manchester Utd,18-214,2006,2,1,95,1.1,0,0,0,0,0,0,0,0,0.0,0.0,0.0,0.0,1,2,1,0.00,0.00,0.00,0.00,0.00,0.00,0.00,0.00,0.00,0.00,Matches
Bart Verbruggen,nl NED,GK,Brighton,22-249,2002,31,31,"2,790",31.0,0,1,1,0,0,0,5,0,0.0,0.0,0.0,0.0,0,2,0,0.00,0.03,0.03,0.00,0.03,0.00,0.00,0.00,0.00,0.00,Matches
Ben Brereton,cl CHI,FW,Southampton,26-006,1999,10,4,449,5.0,0,0,0,0,0,0,1,0,0.9,0.9,0.1,1.0,12,9,42,0.00,0.00,0.00,0.00,0.00,0.18,0.02,0.20,0.18,0.20,Matches
Ben Chilwell,eng ENG,DF,Crystal Palace,28-124,1996,6,0,139,1.5,0,0,0,0,0,0,1,0,0.1,0.1,0.2,0.3,2,3,10,0.00,0.00,0.00,0.00,0.00,0.05,0.13,0.18,0.05,0.18,Matches
Ben Davies,wls WAL,DF,Tottenham,32-000,1993,12,10,946,10.5,0,0,0,0,0,0,3,0,0.3,0.3,0.2,0.5,13,48,6,0.00,0.00,0.00,0.00,0.00,0.03,0.02,0.05,0.03,0.05,Matches
Ben Godfrey,eng ENG,DF,Ipswich Town,27-099,1998,2,2,108,1.2,0,0,0,0,0,0,1,0,0.0,0.0,0.0,0.0,2,4,1,0.00,0.00,0.00,0.00,0.00,0.00,0.00,0.00,0.00,0.00,Matches
Ben Johnson,eng ENG,"DF,FW",Ipswich Town,25-090,2000,21,13,"1,312",14.6,1,2,3,1,0,0,3,0,1.1,1.1,1.3,2.3,16,25,32,0.07,0.14,0.21,0.07,0.21,0.07,0.09,0.16,0.07,0.16,Matches
Ben Mee,eng ENG,DF,Brentford,35-215,1989,7,2,183,2.0,0,0,0,0,0,0,2,0,0.0,0.0,0.0,0.0,3,11,2,0.00,0.00,0.00,0.00,0.00,0.00,0.00,0.00,0.00,0.00,Matches
Ben White,eng ENG,DF,Arsenal,27-198,1997,13,9,856,9.5,0,1,1,0,0,0,2,0,0.4,0.4,0.8,1.2,10,42,27,0.00,0.11,0.11,0.00,0.11,0.04,0.09,0.13,0.04,0.13,Matches
Benoît Badiashile,fr FRA,DF,Chelsea,24-029,2001,5,3,334,3.7,0,0,0,0,0,0,0,0,0.0,0.0,0.0,0.0,3,17,2,0.00,0.00,0.00,0.00,0.00,0.00,0.00,0.00,0.00,0.00,Matches
Bernardo Silva,pt POR,"MF,FW",Manchester City,30-257,1994,29,25,"2,311",25.7,3,4,7,3,0,0,7,0,3.2,3.2,4.2,7.5,92,109,180,0.12,0.16,0.27,0.12,0.27,0.13,0.17,0.29,0.13,0.29,Matches
Bernd Leno,de GER,GK,Fulham,33-051,1992,33,33,"2,970",33.0,0,1,1,0,0,0,4,0,0.0,0.0,0.1,0.1,0,0,0,0.00,0.03,0.03,0.00,0.03,0.00,0.00,0.00,0.00,0.00,Matches
Beto,gw GNB,FW,Everton,27-083,1998,25,10,"1,129",12.5,6,0,6,6,0,0,2,0,6.1,6.1,0.8,6.9,12,9,58,0.48,0.00,0.48,0.48,0.48,0.48,0.06,0.55,0.48,0.55,Matches
Bilal El Khannouss,ma MAR,MF,Leicester City,20-349,2004,28,23,"1,838",20.4,2,2,4,2,0,0,4,0,0.8,0.8,3.1,3.9,61,112,71,0.10,0.10,0.20,0.10,0.20,0.04,0.15,0.19,0.04,0.19,Matches
Billy Gilmour,sct SCO,MF,Brighton,23-317,2001,2,1,98,1.1,0,0,0,0,0,0,0,0,0.1,0.1,0.0,0.1,2,11,2,0.00,0.00,0.00,0.00,0.00,0.07,0.00,0.07,0.07,0.07,Matches
Bobby Reid,jm JAM,FW,Leicester City,32-081,1993,22,8,700,7.8,1,2,3,1,0,0,2,0,0.8,0.8,1.2,2.0,13,14,44,0.13,0.26,0.39,0.13,0.39,0.10,0.15,0.25,0.10,0.25,Matches
Boubacar Kamara,fr FRA,MF,Aston Villa,25-152,1999,22,16,"1,373",15.3,0,0,0,0,0,0,2,0,0.4,0.4,0.9,1.3,16,72,5,0.00,0.00,0.00,0.00,0.00,0.02,0.06,0.08,0.02,0.08,Matches
Boubakary Soumaré,fr FRA,MF,Leicester City,26-056,1999,26,22,"1,908",21.2,0,0,0,0,0,0,8,0,0.3,0.3,0.4,0.7,31,93,21,0.00,0.00,0.00,0.00,0.00,0.01,0.02,0.03,0.01,0.03,Matches
Brajan Gruda,de GER,"FW,MF",Brighton,20-328,2004,16,6,498,5.5,0,1,1,0,0,0,0,0,0.4,0.4,0.7,1.1,15,17,46,0.00,0.18,0.18,0.00,0.18,0.07,0.13,0.20,0.07,0.20,Matches
Brennan Johnson,wls WAL,FW,Tottenham,23-336,2001,30,22,"1,993",22.1,11,3,14,11,0,0,5,0,9.8,9.8,2.3,12.1,57,68,192,0.50,0.14,0.63,0.50,0.63,0.44,0.10,0.55,0.44,0.55,Matches
Bruno Fernandes,pt POR,MF,Manchester Utd,30-228,1994,32,31,"2,668",29.6,8,9,17,5,3,3,4,2,9.4,7.1,6.8,13.8,62,264,114,0.27,0.30,0.57,0.17,0.47,0.32,0.23,0.55,0.24,0.47,Matches
Bruno Guimarães,br BRA,MF,Newcastle Utd,27-159,1997,33,33,"2,822",31.4,4,6,10,4,0,0,6,0,3.5,3.5,5.6,9.1,49,227,75,0.13,0.19,0.32,0.13,0.32,0.11,0.18,0.29,0.11,0.29,Matches
Bryan Mbeumo,cm CMR,FW,Brentford,25-260,1999,33,33,"2,964",32.9,18,6,24,13,5,5,2,0,10.6,6.6,7.8,14.5,110,125,300,0.55,0.18,0.73,0.39,0.58,0.32,0.24,0.56,0.20,0.44,Matches
Bukayo Saka,eng ENG,"FW,MF",Arsenal,23-231,2001,21,17,"1,454",16.2,6,10,16,5,1,1,3,0,5.9,5.1,6.7,11.8,79,61,222,0.37,0.62,0.99,0.31,0.93,0.36,0.42,0.78,0.31,0.73,Matches
Caleb Okoli,it ITA,DF,Leicester City,23-285,2001,18,12,"1,124",12.5,1,0,1,1,0,0,4,0,0.6,0.6,0.0,0.6,3,32,2,0.08,0.00,0.08,0.08,0.08,0.05,0.00,0.05,0.05,0.05,Matches
Callum Hudson-Odoi,eng ENG,"FW,MF",Nott'ham Forest,24-168,2000,28,24,"2,107",23.4,5,2,7,5,0,0,2,0,2.5,2.5,2.7,5.2,126,66,186,0.21,0.09,0.30,0.21,0.30,0.11,0.11,0.22,0.11,0.22,Matches
Callum Wilson,eng ENG,FW,Newcastle Utd,33-056,1992,13,1,254,2.8,0,0,0,0,0,0,1,0,0.3,0.3,0.1,0.4,5,3,9,0.00,0.00,0.00,0.00,0.00,0.12,0.02,0.14,0.12,0.14,Matches
Calvin Bassey,ng NGA,DF,Fulham,25-114,1999,31,30,"2,714",30.2,1,0,1,1,0,0,6,0,1.0,1.0,0.1,1.1,25,95,12,0.03,0.00,0.03,0.03,0.03,0.03,0.00,0.03,0.03,0.03,Matches
Cameron Archer,eng ENG,FW,Southampton,23-277,2001,30,13,"1,336",14.8,2,0,2,2,0,1,0,0,5.1,4.3,0.4,4.6,19,14,62,0.13,0.00,0.13,0.13,0.13,0.34,0.02,0.37,0.29,0.31,Matches
Cameron Burgess,au AUS,DF,Ipswich Town,29-185,1995,15,13,"1,271",14.1,0,1,1,0,0,0,0,0,0.7,0.7,0.5,1.2,2,38,4,0.00,0.07,0.07,0.00,0.07,0.05,0.04,0.09,0.05,0.09,Matches
Caoimhín Kelleher,ie IRL,GK,Liverpool,26-152,1998,10,10,900,10.0,0,0,0,0,0,0,0,0,0.0,0.0,0.0,0.0,0,0,0,0.00,0.00,0.00,0.00,0.00,0.00,0.00,0.00,0.00,0.00,Matches
Carlos Alcaraz,ar ARG,"FW,MF",Everton,22-145,2002,10,4,446,5.0,1,1,2,1,0,0,3,0,1.3,1.3,1.1,2.4,11,24,9,0.20,0.20,0.40,0.20,0.40,0.26,0.23,0.49,0.26,0.49,Matches
Carlos Baleba,cm CMR,MF,Brighton,21-111,2004,29,26,"2,223",24.7,2,1,3,2,0,0,8,1,3.0,3.0,1.3,4.2,39,108,26,0.08,0.04,0.12,0.08,0.12,0.12,0.05,0.17,0.12,0.17,Matches
Carlos Forbs,pt POR,"MF,FW",Wolves,21-036,2004,9,1,237,2.6,0,0,0,0,0,0,2,0,0.1,0.1,0.0,0.2,9,8,28,0.00,0.00,0.00,0.00,0.00,0.05,0.01,0.07,0.05,0.07,Matches
Carlos Soler,es ESP,"MF,FW",West Ham,28-112,1997,28,14,"1,347",15.0,1,1,2,1,0,0,5,0,1.7,1.7,1.2,2.9,16,52,33,0.07,0.07,0.13,0.07,0.13,0.11,0.08,0.19,0.11,0.19,Matches
Casemiro,br BRA,MF,Manchester Utd,33-060,1992,21,15,"1,271",14.1,1,0,1,1,0,0,3,0,1.5,1.5,2.2,3.7,4,65,26,0.07,0.00,0.07,0.07,0.07,0.10,0.16,0.26,0.10,0.26,Matches
Charlie Taylor,eng ENG,DF,Southampton,31-218,1993,7,2,266,3.0,0,0,0,0,0,0,1,0,0.0,0.0,0.1,0.1,3,8,6,0.00,0.00,0.00,0.00,0.00,0.00,0.03,0.03,0.00,0.03,Matches
Cheick Doucouré,ml MLI,MF,Crystal Palace,25-106,2000,13,4,452,5.0,0,0,0,0,0,0,1,0,0.4,0.4,0.0,0.4,2,19,7,0.00,0.00,0.00,0.00,0.00,0.08,0.00,0.08,0.08,0.08,Matches
Chiedozie Ogbene,ie IRL,FW,Ipswich Town,27-358,1997,5,3,238,2.6,0,0,0,0,0,0,0,0,0.0,0.0,0.1,0.1,7,0,15,0.00,0.00,0.00,0.00,0.00,0.00,0.03,0.03,0.00,0.03,Matches
Chris Richards,us USA,DF,Crystal Palace,25-027,2000,20,18,"1,562",17.4,1,0,1,1,0,0,4,1,1.2,1.2,0.1,1.3,5,34,1,0.06,0.00,0.06,0.06,0.06,0.07,0.01,0.08,0.07,0.08,Matches
Chris Wood,nz NZL,FW,Nott'ham Forest,33-138,1991,31,30,"2,509",27.9,19,3,22,16,3,3,1,0,11.1,8.8,2.3,11.0,13,34,74,0.68,0.11,0.79,0.57,0.68,0.40,0.08,0.48,0.31,0.40,Matches
Christian Eriksen,dk DEN,MF,Manchester Utd,33-069,1992,19,11,993,11.0,0,1,1,0,0,0,4,0,0.3,0.3,2.6,2.9,10,49,28,0.00,0.09,0.09,0.00,0.09,0.02,0.24,0.26,0.02,0.26,Matches
Christian Nørgaard,dk DEN,MF,Brentford,31-045,1994,29,29,"2,369",26.3,5,2,7,5,0,0,5,1,3.6,3.6,0.8,4.4,12,122,34,0.19,0.08,0.27,0.19,0.27,0.14,0.03,0.17,0.14,0.17,Matches
Christian Walton,eng ENG,GK,Ipswich Town,29-166,1995,6,6,540,6.0,0,0,0,0,0,0,0,0,0.0,0.0,0.0,0.0,0,0,0,0.00,0.00,0.00,0.00,0.00,0.00,0.00,0.00,0.00,0.00,Matches
Christopher Nkunku,fr FRA,FW,Chelsea,27-161,1997,27,9,921,10.2,3,2,5,3,0,0,2,0,4.8,4.8,2.1,6.9,17,25,68,0.29,0.20,0.49,0.29,0.49,0.47,0.21,0.68,0.47,0.67,Matches
Cody Gakpo,nl NED,FW,Liverpool,25-352,1999,30,18,"1,560",17.3,8,3,11,8,0,0,4,0,6.2,6.2,3.5,9.7,45,49,237,0.46,0.17,0.63,0.46,0.63,0.36,0.20,0.56,0.36,0.56,Matches
Cole Palmer,eng ENG,MF,Chelsea,22-353,2002,32,31,"2,742",30.5,14,8,22,11,3,4,6,0,15.8,12.7,9.2,21.9,101,191,161,0.46,0.26,0.72,0.36,0.62,0.52,0.30,0.82,0.42,0.72,Matches
Conor Bradley,nir NIR,DF,Liverpool,21-289,2003,15,4,533,5.9,0,1,1,0,0,0,3,0,0.6,0.6,0.5,1.1,26,25,27,0.00,0.17,0.17,0.00,0.17,0.10,0.08,0.18,0.10,0.18,Matches
Conor Chaplin,eng ENG,"MF,FW",Ipswich Town,28-067,1997,17,7,625,6.9,1,1,2,1,0,0,1,0,1.2,1.2,0.6,1.8,10,25,20,0.14,0.14,0.29,0.14,0.29,0.17,0.09,0.26,0.17,0.26,Matches
Conor Coady,eng ENG,DF,Leicester City,32-058,1993,17,14,"1,264",14.0,0,0,0,0,0,0,2,0,0.0,0.0,0.1,0.1,2,26,0,0.00,0.00,0.00,0.00,0.00,0.00,0.00,0.00,0.00,0.00,Matches
Conor Townsend,eng ENG,DF,Ipswich Town,32-051,1993,6,3,335,3.7,0,1,1,0,0,0,1,0,0.0,0.0,0.7,0.7,2,8,13,0.00,0.27,0.27,0.00,0.27,0.01,0.18,0.18,0.01,0.18,Matches
Craig Dawson,eng ENG,DF,Wolves,34-353,1990,15,10,971,10.8,0,0,0,0,0,0,2,0,0.5,0.5,0.0,0.5,6,20,5,0.00,0.00,0.00,0.00,0.00,0.05,0.00,0.05,0.05,0.05,Matches
Cristian Romero,ar ARG,DF,Tottenham,26-362,1998,18,18,"1,416",15.7,1,0,1,1,0,0,3,0,1.6,1.6,0.6,2.2,12,71,3,0.06,0.00,0.06,0.06,0.06,0.10,0.04,0.14,0.10,0.14,Matches
Crysencio Summerville,nl NED,"FW,MF",West Ham,23-176,2001,19,7,786,8.7,1,1,2,1,0,0,2,0,1.6,1.6,1.7,3.3,29,18,71,0.11,0.11,0.23,0.11,0.23,0.19,0.19,0.38,0.19,0.38,Matches
Curtis Jones,eng ENG,"MF,DF",Liverpool,24-084,2001,28,16,"1,415",15.7,3,3,6,3,0,0,3,1,4.1,4.1,1.0,5.1,21,83,67,0.19,0.19,0.38,0.19,0.38,0.26,0.06,0.32,0.26,0.32,Matches
Daichi Kamada,jp JPN,MF,Crystal Palace,28-262,1996,30,13,"1,338",14.9,0,0,0,0,0,0,3,1,1.0,1.0,1.8,2.8,23,73,52,0.00,0.00,0.00,0.00,0.00,0.07,0.12,0.19,0.07,0.19,Matches
Dan Burn,eng ENG,DF,Newcastle Utd,32-350,1992,32,32,"2,880",32.0,0,0,0,0,0,0,9,0,1.3,1.3,0.8,2.1,9,54,9,0.00,0.00,0.00,0.00,0.00,0.04,0.02,0.07,0.04,0.07,Matches
Dango Ouattara,bf BFA,FW,Bournemouth,23-072,2002,30,19,"1,843",20.5,7,4,11,7,0,0,2,0,8.2,8.2,5.2,13.3,73,41,184,0.34,0.20,0.54,0.34,0.54,0.40,0.25,0.65,0.40,0.65,Matches
Daniel Muñoz,co COL,DF,Crystal Palace,28-333,1996,33,33,"2,868",31.9,4,4,8,4,0,0,9,0,4.6,4.6,4.4,9.0,49,83,183,0.13,0.13,0.25,0.13,0.25,0.14,0.14,0.28,0.14,0.28,Matches
Danilo,br BRA,"MF,FW",Nott'ham Forest,23-360,2001,7,5,267,3.0,0,0,0,0,0,0,0,0,0.0,0.0,0.0,0.0,2,11,1,0.00,0.00,0.00,0.00,0.00,0.00,0.00,0.00,0.00,0.00,Matches
Danny Ings,eng ENG,"FW,MF",West Ham,32-275,1992,15,1,284,3.2,1,2,3,1,0,0,0,0,2.3,2.3,1.3,3.5,6,5,29,0.32,0.63,0.95,0.32,0.95,0.72,0.41,1.12,0.72,1.12,Matches
Danny Ward,wls WAL,GK,Leicester City,31-306,1993,2,1,135,1.5,0,0,0,0,0,0,0,0,0.0,0.0,0.0,0.0,0,0,0,0.00,0.00,0.00,0.00,0.00,0.00,0.00,0.00,0.00,0.00,Matches
Danny Welbeck,eng ENG,FW,Brighton,34-149,1990,26,20,"1,762",19.6,9,4,13,9,0,0,4,0,8.0,8.0,1.1,9.1,18,39,77,0.46,0.20,0.66,0.46,0.66,0.41,0.05,0.47,0.41,0.47,Matches
Dara O'Shea,ie IRL,DF,Ipswich Town,26-051,1999,30,30,"2,672",29.7,0,2,2,0,0,0,6,0,1.1,1.1,0.5,1.7,3,70,6,0.00,0.07,0.07,0.00,0.07,0.04,0.02,0.06,0.04,0.06,Matches
Darwin Núñez,uy URU,FW,Liverpool,25-304,1999,25,8,"1,010",11.2,5,2,7,5,0,0,8,0,5.0,5.0,1.2,6.2,20,25,67,0.45,0.18,0.62,0.45,0.62,0.44,0.11,0.55,0.44,0.55,Matches
David Brooks,wls WAL,"FW,MF",Bournemouth,27-290,1997,25,8,815,9.1,2,0,2,2,0,0,3,0,2.2,2.2,1.7,3.9,25,27,75,0.22,0.00,0.22,0.22,0.22,0.24,0.19,0.43,0.24,0.43,Matches
David Raya,es ESP,GK,Arsenal,29-221,1995,34,34,"3,060",34.0,0,0,0,0,0,0,2,0,0.0,0.0,0.0,0.0,0,12,0,0.00,0.00,0.00,0.00,0.00,0.00,0.00,0.00,0.00,0.00,Matches
Dean Henderson,eng ENG,GK,Crystal Palace,28-043,1997,34,34,"3,060",34.0,0,0,0,0,0,0,3,0,0.0,0.0,0.1,0.1,0,0,0,0.00,0.00,0.00,0.00,0.00,0.00,0.00,0.00,0.00,0.00,Matches
Dean Huijsen,es ESP,DF,Bournemouth,20-010,2005,27,22,"2,054",22.8,2,1,3,2,0,0,7,0,1.7,1.7,2.0,3.7,35,107,10,0.09,0.04,0.13,0.09,0.13,0.08,0.09,0.16,0.08,0.16,Matches
Declan Rice,eng ENG,MF,Arsenal,26-100,1999,32,30,"2,572",28.6,2,7,9,2,0,0,7,1,2.7,2.7,6.5,9.1,87,175,88,0.07,0.24,0.31,0.07,0.31,0.09,0.23,0.32,0.09,0.32,Matches
Dejan Kulusevski,se SWE,"MF,FW",Tottenham,24-364,2000,29,25,"2,236",24.8,7,4,11,7,0,0,3,0,4.2,4.2,6.1,10.3,117,121,207,0.28,0.16,0.44,0.28,0.44,0.17,0.25,0.41,0.17,0.41,Matches
Destiny Udogie,it ITA,DF,Tottenham,22-147,2002,23,22,"1,744",19.4,0,1,1,0,0,0,2,0,0.3,0.3,1.4,1.7,51,117,92,0.00,0.05,0.05,0.00,0.05,0.02,0.07,0.09,0.02,0.09,Matches
Diego Carlos,br BRA,DF,Aston Villa,32-040,1993,10,8,830,9.2,0,0,0,0,0,0,1,0,0.6,0.6,0.0,0.6,3,34,0,0.00,0.00,0.00,0.00,0.00,0.07,0.00,0.07,0.07,0.07,Matches
Diego Gómez,py PAR,MF,Brighton,22-028,2003,11,4,431,4.8,0,0,0,0,0,0,0,0,0.4,0.4,0.5,0.9,5,18,13,0.00,0.00,0.00,0.00,0.00,0.09,0.11,0.20,0.09,0.20,Matches
Diogo Dalot,pt POR,DF,Manchester Utd,26-037,1999,32,31,"2,788",31.0,0,3,3,0,0,0,5,0,2.0,2.0,2.0,4.0,62,102,164,0.00,0.10,0.10,0.00,0.10,0.06,0.07,0.13,0.06,0.13,Matches
Diogo Jota,pt POR,FW,Liverpool,28-141,1996,22,13,"1,074",11.9,6,3,9,6,0,0,2,0,7.3,7.3,1.8,9.1,36,33,85,0.50,0.25,0.75,0.50,0.75,0.61,0.15,0.76,0.61,0.76,Matches
Djed Spence,eng ENG,DF,Tottenham,24-258,2000,20,15,"1,424",15.8,1,2,3,1,0,0,4,1,0.5,0.5,1.7,2.2,52,94,67,0.06,0.13,0.19,0.06,0.19,0.03,0.11,0.14,0.03,0.14,Matches
Dominic Calvert-Lewin,eng ENG,FW,Everton,28-039,1997,22,19,"1,574",17.5,3,1,4,3,0,0,2,0,6.1,6.1,0.6,6.7,22,19,105,0.17,0.06,0.23,0.17,0.23,0.35,0.04,0.39,0.35,0.39,Matches
Dominic Solanke,eng ENG,FW,Tottenham,27-222,1997,24,23,"2,052",22.8,7,3,10,7,0,0,0,0,9.9,9.9,2.9,12.8,29,45,87,0.31,0.13,0.44,0.31,0.44,0.43,0.13,0.56,0.43,0.56,Matches
Dominik Szoboszlai,hu HUN,MF,Liverpool,24-181,2000,31,25,"2,190",24.3,5,3,8,5,0,0,6,0,6.9,6.9,5.1,11.9,64,110,118,0.21,0.12,0.33,0.21,0.33,0.28,0.21,0.49,0.28,0.49,Matches
Donyell Malen,nl NED,FW,Aston Villa,26-105,1999,11,2,273,3.0,3,0,3,3,0,0,0,0,1.7,1.7,0.1,1.7,9,5,23,0.99,0.00,0.99,0.99,0.99,0.55,0.02,0.57,0.55,0.57,Matches
Dwight McNeil,eng ENG,"MF,FW",Everton,25-153,1999,16,13,"1,157",12.9,3,4,7,3,0,0,1,0,0.9,0.9,3.8,4.7,32,61,66,0.23,0.31,0.54,0.23,0.54,0.07,0.29,0.36,0.07,0.36,Matches
Eberechi Eze,eng ENG,"MF,FW",Crystal Palace,26-299,1998,30,28,"2,337",26.0,4,8,12,4,0,1,1,0,8.2,7.4,5.2,12.6,66,85,141,0.15,0.31,0.46,0.15,0.46,0.31,0.20,0.52,0.28,0.48,Matches
Eddie Nketiah,eng ENG,"FW,MF",Crystal Palace,25-329,1999,25,8,880,9.8,1,1,2,1,0,0,5,1,4.3,4.3,1.5,5.8,37,17,65,0.10,0.10,0.20,0.10,0.20,0.44,0.15,0.59,0.44,0.59,Matches
Ederson,br BRA,GK,Manchester City,31-250,1993,22,22,"1,960",21.8,0,4,4,0,0,0,3,0,0.0,0.0,1.5,1.5,0,1,0,0.00,0.18,0.18,0.00,0.18,0.00,0.07,0.07,0.00,0.07,Matches
Edmond-Paris Maghoma,eng ENG,"MF,FW",Brentford,23-351,2001,8,0,119,1.3,0,0,0,0,0,0,0,0,0.1,0.1,0.1,0.2,4,13,4,0.00,0.00,0.00,0.00,0.00,0.09,0.08,0.17,0.09,0.17,Matches
Edson Álvarez,mx MEX,MF,West Ham,27-182,1997,25,19,"1,633",18.1,0,1,1,0,0,0,8,1,0.3,0.3,0.8,1.1,21,75,18,0.00,0.06,0.06,0.00,0.06,0.02,0.04,0.06,0.02,0.06,Matches
Elliot Anderson,eng ENG,MF,Nott'ham Forest,22-169,2002,32,28,"2,317",25.7,2,6,8,2,0,0,6,0,1.7,1.7,3.1,4.8,37,115,78,0.08,0.23,0.31,0.08,0.31,0.06,0.12,0.19,0.06,0.19,Matches
Emerson Palmieri,it ITA,DF,West Ham,30-264,1994,28,24,"1,930",21.4,2,1,3,2,0,0,5,0,2.0,2.0,1.5,3.4,42,60,75,0.09,0.05,0.14,0.09,0.14,0.09,0.07,0.16,0.09,0.16,Matches
Emi Buendía,ar ARG,"MF,FW",Aston Villa,28-120,1996,12,0,98,1.1,0,0,0,0,0,0,1,0,0.7,0.7,0.0,0.7,3,7,6,0.00,0.00,0.00,0.00,0.00,0.60,0.02,0.62,0.60,0.62,Matches
Emil Krafth,se SWE,DF,Newcastle Utd,30-265,1994,9,2,288,3.2,0,0,0,0,0,0,0,0,0.0,0.0,0.1,0.1,3,7,1,0.00,0.00,0.00,0.00,0.00,0.01,0.03,0.04,0.01,0.04,Matches
Emile Smith Rowe,eng ENG,MF,Fulham,24-270,2000,29,23,"1,827",20.3,5,2,7,5,0,0,2,0,4.1,4.1,1.1,5.2,50,116,109,0.25,0.10,0.34,0.25,0.34,0.20,0.05,0.26,0.20,0.26,Matches
Emiliano Martínez,ar ARG,GK,Aston Villa,32-234,1992,33,33,"2,880",32.0,0,0,0,0,0,0,4,0,0.0,0.0,0.5,0.5,0,3,0,0.00,0.00,0.00,0.00,0.00,0.00,0.02,0.02,0.00,0.02,Matches
Emmanuel Agbadou,ci CIV,DF,Wolves,27-311,1997,11,11,960,10.7,0,0,0,0,0,0,2,0,0.3,0.3,0.1,0.3,2,20,0,0.00,0.00,0.00,0.00,0.00,0.03,0.01,0.03,0.03,0.03,Matches
Enes Ünal,tr TUR,"FW,MF",Bournemouth,27-349,1997,17,2,345,3.8,2,1,3,2,0,0,2,0,2.7,2.7,0.4,3.1,4,12,22,0.52,0.26,0.78,0.52,0.78,0.72,0.10,0.82,0.72,0.82,Matches
Enzo Fernández,ar ARG,MF,Chelsea,24-097,2001,31,27,"2,500",27.8,5,6,11,5,0,0,7,0,5.3,5.3,6.0,11.3,56,193,107,0.18,0.22,0.40,0.18,0.40,0.19,0.22,0.41,0.19,0.41,Matches
Erling Haaland,no NOR,FW,Manchester City,24-277,2000,28,28,"2,480",27.6,21,3,24,19,2,3,2,0,20.8,18.4,2.8,21.2,19,18,103,0.76,0.11,0.87,0.69,0.80,0.76,0.10,0.86,0.67,0.77,Matches
Ethan Nwaneri,eng ENG,"FW,MF",Arsenal,18-034,2007,24,10,816,9.1,4,2,6,4,0,0,1,0,1.1,1.1,1.0,2.2,44,30,101,0.44,0.22,0.66,0.44,0.66,0.12,0.11,0.24,0.12,0.24,Matches
Ethan Pinnock,jm JAM,DF,Brentford,31-330,1993,22,21,"1,913",21.3,2,0,2,2,0,0,2,0,1.1,1.1,1.2,2.3,3,41,9,0.09,0.00,0.09,0.09,0.09,0.05,0.05,0.11,0.05,0.11,Matches
Evan Ferguson,ie IRL,FW,West Ham,20-187,2004,7,1,145,1.6,0,0,0,0,0,0,0,0,0.6,0.6,0.3,0.9,1,0,6,0.00,0.00,0.00,0.00,0.00,0.35,0.19,0.53,0.35,0.53,Matches
Evan Ferguson,ie IRL,FW,Brighton,20-187,2004,13,2,246,2.7,1,0,1,1,0,0,0,0,0.5,0.5,0.4,1.0,2,1,9,0.37,0.00,0.37,0.37,0.37,0.20,0.15,0.35,0.20,0.35,Matches
Evanilson,br BRA,FW,Bournemouth,25-200,1999,26,23,"1,903",21.1,9,0,9,9,0,1,0,0,11.0,10.2,1.5,11.7,25,19,86,0.43,0.00,0.43,0.43,0.43,0.52,0.07,0.59,0.48,0.56,Matches
Ezri Konsa,eng ENG,DF,Aston Villa,27-183,1997,30,29,"2,576",28.6,1,0,1,1,0,0,0,0,0.9,0.9,0.4,1.3,16,73,11,0.03,0.00,0.03,0.03,0.03,0.03,0.01,0.05,0.03,0.05,Matches
Fabian Schär,ch SUI,DF,Newcastle Utd,33-125,1991,29,28,"2,493",27.7,4,0,4,4,0,0,7,1,2.1,2.1,0.4,2.5,14,87,17,0.14,0.00,0.14,0.14,0.14,0.08,0.01,0.09,0.08,0.09,Matches
Fabio Carvalho,pt POR,"FW,MF",Brentford,22-237,2002,19,3,455,5.1,2,1,3,2,0,0,1,0,2.5,2.5,0.7,3.2,9,17,23,0.40,0.20,0.59,0.40,0.59,0.49,0.13,0.62,0.49,0.62,Matches
Facundo Buonanotte,ar ARG,"FW,MF",Leicester City,20-122,2004,28,13,"1,429",15.9,4,2,6,4,0,0,7,0,3.7,3.7,3.1,6.8,38,51,66,0.25,0.13,0.38,0.25,0.38,0.23,0.19,0.43,0.23,0.43,Matches
Ferdi Kadioglu,tr TUR,"DF,MF",Brighton,25-199,1999,6,5,385,4.3,1,0,1,1,0,0,1,0,0.4,0.4,0.2,0.6,1,15,27,0.23,0.00,0.23,0.23,0.23,0.10,0.04,0.14,0.10,0.14,Matches
Filip Jørgensen,dk DEN,GK,Chelsea,23-008,2002,6,6,540,6.0,0,0,0,0,0,0,0,0,0.0,0.0,0.0,0.0,0,0,0,0.00,0.00,0.00,0.00,0.00,0.00,0.00,0.00,0.00,0.00,Matches
Flynn Downes,eng ENG,MF,Southampton,26-094,1999,22,20,"1,701",18.9,1,0,1,1,0,0,10,0,0.6,0.6,0.9,1.6,23,56,28,0.05,0.00,0.05,0.05,0.05,0.03,0.05,0.08,0.03,0.08,Matches
Fraser Forster,eng ENG,GK,Tottenham,37-038,1988,7,7,630,7.0,0,0,0,0,0,0,0,0,0.0,0.0,0.0,0.0,0,0,0,0.00,0.00,0.00,0.00,0.00,0.00,0.00,0.00,0.00,0.00,Matches
Gabriel Jesus,br BRA,FW,Arsenal,28-021,1997,17,6,608,6.8,3,0,3,3,0,0,4,0,3.0,3.0,0.7,3.7,15,19,57,0.44,0.00,0.44,0.44,0.44,0.44,0.10,0.54,0.44,0.54,Matches
Gabriel Magalhães,br BRA,DF,Arsenal,27-126,1997,28,28,"2,363",26.3,3,1,4,3,0,0,4,0,2.6,2.6,0.9,3.5,10,126,11,0.11,0.04,0.15,0.11,0.15,0.10,0.03,0.13,0.10,0.13,Matches
Gabriel Martinelli,br BRA,"FW,MF",Arsenal,23-310,2001,29,21,"1,956",21.7,7,4,11,7,0,0,1,0,5.9,5.9,4.5,10.3,106,44,259,0.32,0.18,0.51,0.32,0.51,0.27,0.21,0.47,0.27,0.47,Matches
George Hirst,sct SCO,FW,Ipswich Town,26-068,1999,21,3,450,5.0,2,1,3,2,0,0,1,0,1.3,1.3,0.3,1.5,9,11,25,0.40,0.20,0.60,0.40,0.60,0.26,0.05,0.31,0.26,0.31,Matches
Georginio Rutter,fr FRA,"MF,FW",Brighton,23-004,2002,28,19,"1,656",18.4,5,3,8,5,0,0,2,0,4.6,4.6,2.5,7.1,42,67,79,0.27,0.16,0.43,0.27,0.43,0.25,0.14,0.39,0.25,0.39,Matches
Gonçalo Guedes,pt POR,"MF,FW",Wolves,28-146,1996,24,7,770,8.6,2,4,6,2,0,0,1,0,2.2,2.2,1.1,3.3,31,30,58,0.23,0.47,0.70,0.23,0.70,0.25,0.13,0.38,0.25,0.38,Matches
Guglielmo Vicario,it ITA,GK,Tottenham,28-199,1996,21,21,"1,890",21.0,0,0,0,0,0,0,1,0,0.0,0.0,0.0,0.0,0,1,0,0.00,0.00,0.00,0.00,0.00,0.00,0.00,0.00,0.00,0.00,Matches
Guido Rodríguez,ar ARG,MF,West Ham,31-012,1994,20,14,"1,018",11.3,0,0,0,0,0,0,5,0,0.2,0.2,0.1,0.3,2,31,5,0.00,0.00,0.00,0.00,0.00,0.02,0.01,0.03,0.02,0.03,Matches
Hamza Choudhury,bd BAN,"MF,DF",Leicester City,27-205,1997,4,1,131,1.5,0,0,0,0,0,0,0,0,0.0,0.0,0.4,0.4,4,3,6,0.00,0.00,0.00,0.00,0.00,0.00,0.27,0.27,0.00,0.27,Matches
Harrison Reed,eng ENG,MF,Fulham,30-087,1995,11,0,93,1.0,0,0,0,0,0,0,2,0,0.2,0.2,0.1,0.3,1,4,7,0.00,0.00,0.00,0.00,0.00,0.22,0.07,0.30,0.22,0.30,Matches
Harry Amass,eng ENG,DF,Manchester Utd,18-039,2007,3,2,166,1.8,0,0,0,0,0,0,0,0,0.0,0.0,0.0,0.0,5,4,12,0.00,0.00,0.00,0.00,0.00,0.01,0.01,0.03,0.01,0.03,Matches
Harry Clarke,eng ENG,DF,Ipswich Town,24-053,2001,7,4,379,4.2,0,0,0,0,0,0,3,1,0.1,0.1,0.0,0.1,5,14,2,0.00,0.00,0.00,0.00,0.00,0.02,0.01,0.03,0.02,0.03,Matches
Harry Maguire,eng ENG,DF,Manchester Utd,32-050,1993,22,16,"1,418",15.8,1,0,1,1,0,0,7,0,1.4,1.4,0.3,1.6,6,42,5,0.06,0.00,0.06,0.06,0.06,0.09,0.02,0.10,0.09,0.10,Matches
Harry Toffolo,eng ENG,DF,Nott'ham Forest,29-248,1995,4,1,137,1.5,0,0,0,0,0,0,1,0,0.0,0.0,0.0,0.0,0,2,4,0.00,0.00,0.00,0.00,0.00,0.01,0.00,0.01,0.01,0.01,Matches
Harry Wilson,wls WAL,"FW,MF",Fulham,28-033,1997,20,8,852,9.5,5,1,6,5,0,0,2,0,3.2,3.2,1.0,4.2,16,43,71,0.53,0.11,0.63,0.53,0.63,0.34,0.10,0.45,0.34,0.45,Matches
Harry Winks,eng ENG,MF,Leicester City,29-081,1996,22,17,"1,538",17.1,0,2,2,0,0,0,4,0,0.2,0.2,1.2,1.5,19,101,11,0.00,0.12,0.12,0.00,0.12,0.01,0.07,0.09,0.01,0.09,Matches
Harvey Barnes,eng ENG,FW,Newcastle Utd,27-136,1997,28,12,"1,337",14.9,9,4,13,9,0,0,0,0,6.2,6.2,3.4,9.6,68,63,143,0.61,0.27,0.88,0.61,0.88,0.41,0.23,0.65,0.41,0.65,Matches
Harvey Elliott,eng ENG,"MF,FW",Liverpool,22-020,2003,13,0,184,2.0,0,1,1,0,0,0,0,0,0.5,0.5,0.9,1.3,7,24,23,0.00,0.49,0.49,0.00,0.49,0.23,0.42,0.64,0.23,0.64,Matches
Hwang Hee-chan,kr KOR,"MF,FW",Wolves,29-088,1996,19,5,645,7.2,2,0,2,2,0,0,0,0,0.8,0.8,0.1,0.9,15,12,40,0.28,0.00,0.28,0.28,0.28,0.11,0.02,0.13,0.11,0.13,Matches
Hákon Rafn Valdimarsson,is ISL,GK,Brentford,23-193,2001,2,1,145,1.6,0,0,0,0,0,0,0,0,0.0,0.0,0.0,0.0,0,0,0,0.00,0.00,0.00,0.00,0.00,0.00,0.00,0.00,0.00,0.00,Matches
Ian Maatsen,nl NED,DF,Aston Villa,23-045,2002,25,7,887,9.9,1,2,3,1,0,0,2,0,0.7,0.7,2.7,3.4,26,39,84,0.10,0.20,0.30,0.10,0.30,0.08,0.27,0.35,0.08,0.35,Matches
Ibrahim Sangaré,ci CIV,MF,Nott'ham Forest,27-143,1997,8,3,279,3.1,0,1,1,0,0,0,2,0,0.0,0.0,0.4,0.4,0,12,2,0.00,0.32,0.32,0.00,0.32,0.01,0.11,0.12,0.01,0.12,Matches
Ibrahima Konaté,fr FRA,DF,Liverpool,25-334,1999,27,26,"2,230",24.8,1,2,3,1,0,0,5,0,1.6,1.6,1.0,2.6,21,102,2,0.04,0.08,0.12,0.04,0.12,0.07,0.04,0.11,0.07,0.11,Matches
Idrissa Gana Gueye,sn SEN,MF,Everton,35-210,1989,32,30,"2,615",29.1,0,3,3,0,0,0,8,0,1.0,1.0,1.7,2.7,23,122,21,0.00,0.10,0.10,0.00,0.10,0.04,0.06,0.09,0.04,0.09,Matches
Igor,br BRA,DF,Brighton,27-076,1998,12,9,903,10.0,0,0,0,0,0,0,4,0,0.0,0.0,0.2,0.2,9,44,0,0.00,0.00,0.00,0.00,0.00,0.00,0.02,0.02,0.00,0.02,Matches
Iliman Ndiaye,sn SEN,FW,Everton,25-049,2000,28,25,"2,117",23.5,7,0,7,5,2,2,3,0,5.2,3.6,1.6,5.2,78,44,105,0.30,0.00,0.30,0.21,0.21,0.22,0.07,0.29,0.15,0.22,Matches
Illia Zabarnyi,ua UKR,DF,Bournemouth,22-235,2002,31,30,"2,662",29.6,0,0,0,0,0,0,3,1,1.0,1.0,0.6,1.5,24,123,4,0.00,0.00,0.00,0.00,0.00,0.03,0.02,0.05,0.03,0.05,Matches
Ismaila Sarr,sn SEN,"MF,FW",Crystal Palace,27-058,1998,34,26,"2,392",26.6,7,4,11,7,0,0,4,0,8.7,8.7,7.0,15.7,67,76,164,0.26,0.15,0.41,0.26,0.41,0.33,0.26,0.59,0.33,0.59,Matches
Issa Diop,fr FRA,DF,Fulham,28-105,1997,21,15,"1,339",14.9,0,0,0,0,0,0,2,0,0.5,0.5,0.1,0.6,6,25,3,0.00,0.00,0.00,0.00,0.00,0.04,0.01,0.04,0.04,0.04,Matches
Jack Clarke,eng ENG,"FW,MF",Ipswich Town,24-152,2000,27,10,994,11.0,0,4,4,0,0,0,2,0,1.0,1.0,2.0,2.9,29,32,47,0.00,0.36,0.36,0.00,0.36,0.09,0.18,0.27,0.09,0.27,Matches
Jack Grealish,eng ENG,"FW,MF",Manchester City,29-226,1995,19,7,720,8.0,1,1,2,1,0,0,3,0,1.1,1.1,1.8,3.0,69,52,118,0.12,0.12,0.25,0.12,0.25,0.14,0.23,0.37,0.14,0.37,Matches
Jack Harrison,eng ENG,FW,Everton,28-155,1996,29,21,"1,825",20.3,1,0,1,1,0,0,0,0,3.3,3.3,3.7,7.0,60,43,114,0.05,0.00,0.05,0.05,0.05,0.16,0.18,0.34,0.16,0.34,Matches
Jack Hinshelwood,eng ENG,"DF,MF",Brighton,20-013,2005,21,19,"1,595",17.7,2,1,3,2,0,0,4,0,1.4,1.4,1.2,2.6,16,55,44,0.11,0.06,0.17,0.11,0.17,0.08,0.07,0.15,0.08,0.15,Matches
Jack Stephens,eng ENG,DF,Southampton,31-087,1994,15,13,"1,074",11.9,0,0,0,0,0,0,2,2,0.3,0.3,0.2,0.5,13,49,2,0.00,0.00,0.00,0.00,0.00,0.03,0.01,0.04,0.03,0.04,Matches
Jack Taylor,ie IRL,MF,Ipswich Town,26-305,1998,27,1,600,6.7,1,0,1,1,0,0,3,0,0.7,0.7,0.5,1.2,11,37,18,0.15,0.00,0.15,0.15,0.15,0.10,0.08,0.19,0.10,0.19,Matches
Jacob Greaves,eng ENG,DF,Ipswich Town,24-224,2000,20,20,"1,755",19.5,1,0,1,1,0,0,4,0,1.2,1.2,0.0,1.3,6,48,5,0.05,0.00,0.05,0.05,0.05,0.06,0.00,0.07,0.06,0.07,Matches
Jacob Murphy,eng ENG,FW,Newcastle Utd,30-059,1995,30,26,"2,018",22.4,8,11,19,8,0,0,3,0,5.5,5.5,7.8,13.3,67,61,187,0.36,0.49,0.85,0.36,0.85,0.25,0.35,0.59,0.25,0.59,Matches
Jacob Ramsey,eng ENG,"FW,MF",Aston Villa,23-331,2001,26,18,"1,485",16.5,1,3,4,1,0,0,2,0,1.4,1.4,2.1,3.5,57,64,103,0.06,0.18,0.24,0.06,0.24,0.09,0.12,0.21,0.09,0.21,Matches
Jaden Philogene Bidace,eng ENG,"FW,DF",Ipswich Town,23-075,2002,10,5,474,5.3,2,0,2,2,0,0,1,0,2.0,2.0,0.2,2.2,13,10,36,0.38,0.00,0.38,0.38,0.38,0.37,0.05,0.42,0.37,0.42,Matches
Jaden Philogene Bidace,eng ENG,"FW,MF",Aston Villa,23-075,2002,11,2,332,3.7,0,0,0,0,0,0,4,1,0.5,0.5,0.3,0.8,7,4,17,0.00,0.00,0.00,0.00,0.00,0.13,0.08,0.20,0.13,0.20,Matches
Jadon Sancho,eng ENG,FW,Chelsea,25-030,2000,27,18,"1,655",18.4,3,4,7,3,0,0,1,0,2.0,2.0,3.4,5.4,95,86,214,0.16,0.22,0.38,0.16,0.38,0.11,0.18,0.29,0.11,0.29,Matches
Jahmai Simpson-Pusey,eng ENG,DF,Manchester City,19-171,2005,2,1,96,1.1,0,0,0,0,0,0,1,0,0.0,0.0,0.0,0.0,1,3,0,0.00,0.00,0.00,0.00,0.00,0.00,0.00,0.00,0.00,0.00,Matches
Jake O'Brien,ie IRL,DF,Everton,23-344,2001,16,13,"1,211",13.5,2,0,2,2,0,0,4,0,0.7,0.7,0.6,1.3,7,39,24,0.15,0.00,0.15,0.15,0.15,0.05,0.04,0.09,0.05,0.09,Matches
Jakub Kiwior,pl POL,DF,Arsenal,25-068,2000,13,6,762,8.5,1,0,1,1,0,0,0,0,0.2,0.2,0.3,0.4,5,35,0,0.12,0.00,0.12,0.12,0.12,0.02,0.03,0.05,0.02,0.05,Matches
Jakub Stolarczyk,pl POL,GK,Leicester City,24-126,2000,6,6,540,6.0,0,0,0,0,0,0,1,0,0.0,0.0,0.0,0.0,0,1,0,0.00,0.00,0.00,0.00,0.00,0.00,0.00,0.00,0.00,0.00,Matches
James Bree,eng ENG,DF,Southampton,27-195,1997,14,11,890,9.9,0,1,1,0,0,0,0,0,0.1,0.1,0.9,1.0,9,30,34,0.00,0.10,0.10,0.00,0.10,0.01,0.09,0.10,0.01,0.10,Matches
James Garner,eng ENG,"MF,DF",Everton,24-042,2001,16,12,"1,144",12.7,0,1,1,0,0,0,3,0,0.3,0.3,1.3,1.6,9,33,22,0.00,0.08,0.08,0.00,0.08,0.02,0.10,0.12,0.02,0.12,Matches
James Hill,eng ENG,DF,Bournemouth,23-104,2002,10,6,448,5.0,0,1,1,0,0,0,1,0,0.3,0.3,0.3,0.6,3,16,8,0.00,0.20,0.20,0.00,0.20,0.06,0.05,0.11,0.06,0.11,Matches
James Justin,eng ENG,DF,Leicester City,27-060,1998,31,30,"2,534",28.2,2,1,3,2,0,0,5,0,1.5,1.5,0.5,2.0,36,80,90,0.07,0.04,0.11,0.07,0.11,0.05,0.02,0.07,0.05,0.07,Matches
James Maddison,eng ENG,MF,Tottenham,28-152,1996,30,20,"1,764",19.6,9,6,15,9,0,0,6,0,5.8,5.8,4.1,9.9,43,160,92,0.46,0.31,0.77,0.46,0.77,0.30,0.21,0.51,0.30,0.51,Matches
James Mcatee,eng ENG,"MF,FW",Manchester City,22-188,2002,13,2,297,3.3,3,0,3,3,0,0,1,0,2.8,2.8,0.3,3.1,7,6,25,0.91,0.00,0.91,0.91,0.91,0.85,0.10,0.95,0.85,0.95,Matches
James Milner,eng ENG,MF,Brighton,39-110,1986,3,3,169,1.9,0,0,0,0,0,0,1,0,0.2,0.2,0.2,0.4,1,10,10,0.00,0.00,0.00,0.00,0.00,0.09,0.12,0.21,0.09,0.21,Matches
James Tarkowski,eng ENG,DF,Everton,32-156,1992,33,33,"2,922",32.5,1,1,2,1,0,0,6,0,1.3,1.3,2.9,4.2,9,75,3,0.03,0.03,0.06,0.03,0.06,0.04,0.09,0.13,0.04,0.13,Matches
James Ward-Prowse,eng ENG,MF,West Ham,30-174,1994,10,8,757,8.4,0,1,1,0,0,0,2,0,0.5,0.5,1.1,1.6,9,43,3,0.00,0.12,0.12,0.00,0.12,0.06,0.13,0.19,0.06,0.19,Matches
James Ward-Prowse,eng ENG,MF,Nott'ham Forest,30-174,1994,9,5,400,4.4,0,1,1,0,0,0,2,1,0.1,0.1,1.1,1.2,1,16,3,0.00,0.23,0.23,0.00,0.23,0.01,0.25,0.26,0.01,0.26,Matches
Jamie Vardy,eng ENG,FW,Leicester City,38-103,1987,31,31,"2,481",27.6,7,3,10,6,1,1,5,0,9.4,8.6,2.9,11.5,27,20,104,0.25,0.11,0.36,0.22,0.33,0.34,0.11,0.45,0.31,0.42,Matches
Jan Bednarek,pl POL,DF,Southampton,29-012,1996,27,27,"2,261",25.1,2,0,2,2,0,0,7,0,0.7,0.7,0.5,1.2,4,58,1,0.08,0.00,0.08,0.08,0.08,0.03,0.02,0.05,0.03,0.05,Matches
Jan Paul van Hecke,nl NED,DF,Brighton,24-320,2000,30,29,"2,598",28.9,1,1,2,1,0,0,8,1,1.3,1.3,1.5,2.7,53,209,5,0.03,0.03,0.07,0.03,0.07,0.04,0.05,0.09,0.04,0.09,Matches
Jannik Vestergaard,dk DEN,DF,Leicester City,32-264,1992,18,16,"1,391",15.5,0,0,0,0,0,0,5,0,0.1,0.1,0.1,0.2,3,32,2,0.00,0.00,0.00,0.00,0.00,0.01,0.01,0.01,0.01,0.01,Matches
Jarell Quansah,eng ENG,DF,Liverpool,22-085,2003,11,2,315,3.5,0,0,0,0,0,0,1,0,0.1,0.1,0.1,0.2,2,12,4,0.00,0.00,0.00,0.00,0.00,0.03,0.02,0.05,0.03,0.05,Matches
Jarrad Branthwaite,eng ENG,DF,Everton,22-301,2002,26,24,"2,168",24.1,0,1,1,0,0,0,4,0,1.1,1.1,0.6,1.6,9,54,1,0.00,0.04,0.04,0.00,0.04,0.05,0.02,0.07,0.05,0.07,Matches
Jarrod Bowen,eng ENG,"FW,MF",West Ham,28-125,1996,29,29,"2,541",28.2,9,5,14,8,1,1,1,0,7.4,6.6,5.4,12.0,93,84,176,0.32,0.18,0.50,0.28,0.46,0.26,0.19,0.45,0.24,0.43,Matches
Jason Steele,eng ENG,GK,Brighton,34-249,1990,2,2,180,2.0,0,0,0,0,0,0,0,0,0.0,0.0,0.0,0.0,0,0,0,0.00,0.00,0.00,0.00,0.00,0.00,0.00,0.00,0.00,0.00,Matches
Jean-Clair Todibo,fr FRA,DF,West Ham,25-115,1999,22,15,"1,395",15.5,0,0,0,0,0,0,2,0,0.2,0.2,0.0,0.2,9,27,4,0.00,0.00,0.00,0.00,0.00,0.01,0.00,0.01,0.01,0.01,Matches
Jean-Philippe Mateta,fr FRA,FW,Crystal Palace,27-300,1997,33,30,"2,442",27.1,14,2,16,12,2,2,2,0,12.1,10.5,3.1,13.6,37,46,114,0.52,0.07,0.59,0.44,0.52,0.45,0.11,0.56,0.39,0.50,Matches
Jean-Ricner Bellegarde,fr FRA,"MF,FW",Wolves,26-301,1998,30,18,"1,479",16.4,2,6,8,2,0,0,3,0,1.3,1.3,3.6,4.9,46,35,80,0.12,0.37,0.49,0.12,0.49,0.08,0.22,0.30,0.08,0.30,Matches
Jefferson Lerma,co COL,"MF,DF",Crystal Palace,30-181,1994,29,23,"2,030",22.6,0,1,1,0,0,0,8,0,1.0,1.0,1.5,2.5,11,86,24,0.00,0.04,0.04,0.00,0.04,0.04,0.06,0.11,0.04,0.11,Matches
Jeffrey Schlupp,gh GHA,"MF,DF",Crystal Palace,32-122,1992,12,0,103,1.1,0,0,0,0,0,0,0,0,0.2,0.2,0.2,0.3,4,5,9,0.00,0.00,0.00,0.00,0.00,0.14,0.14,0.28,0.14,0.28,Matches
Jens Cajuste,se SWE,MF,Ipswich Town,25-257,1999,26,23,"1,774",19.7,1,0,1,1,0,0,2,0,0.5,0.5,0.6,1.1,23,46,16,0.05,0.00,0.05,0.05,0.05,0.02,0.03,0.06,0.02,0.06,Matches
Jeremy Doku,be BEL,"FW,MF",Manchester City,22-332,2002,25,14,"1,307",14.5,3,5,8,3,0,0,1,0,1.0,1.0,3.9,4.9,176,62,235,0.21,0.34,0.55,0.21,0.55,0.07,0.27,0.34,0.07,0.34,Matches
Jesper Lindstrøm,dk DEN,FW,Everton,25-054,2000,25,15,"1,239",13.8,0,1,1,0,0,0,2,0,2.1,2.1,2.0,4.1,30,25,81,0.00,0.07,0.07,0.00,0.07,0.15,0.15,0.30,0.15,0.30,Matches
Joachim Andersen,dk DEN,DF,Fulham,28-328,1996,24,24,"2,133",23.7,0,0,0,0,0,0,5,1,0.5,0.5,0.3,0.8,13,100,1,0.00,0.00,0.00,0.00,0.00,0.02,0.01,0.03,0.02,0.03,Matches
Joe Aribo,ng NGA,"MF,DF",Southampton,28-277,1996,30,20,"1,909",21.2,3,0,3,3,0,0,1,0,2.7,2.7,1.6,4.3,35,71,64,0.14,0.00,0.14,0.14,0.14,0.13,0.07,0.20,0.13,0.20,Matches
Joe Gomez,eng ENG,DF,Liverpool,27-336,1997,9,6,519,5.8,0,0,0,0,0,0,1,0,0.3,0.3,0.1,0.4,5,35,2,0.00,0.00,0.00,0.00,0.00,0.06,0.02,0.08,0.06,0.08,Matches
Joe Lumley,eng ENG,GK,Southampton,30-068,1995,3,3,270,3.0,0,0,0,0,0,0,0,0,0.0,0.0,0.0,0.0,0,0,0,0.00,0.00,0.00,0.00,0.00,0.00,0.00,0.00,0.00,0.00,Matches
Joe Willock,eng ENG,"MF,FW",Newcastle Utd,25-247,1999,28,9,887,9.9,0,2,2,0,0,0,2,0,1.2,1.2,1.6,2.9,31,34,68,0.00,0.20,0.20,0.00,0.20,0.12,0.17,0.29,0.12,0.29,Matches
Joelinton,br BRA,"MF,FW",Newcastle Utd,28-253,1996,29,29,"2,393",26.6,4,3,7,4,0,0,10,0,3.9,3.9,2.5,6.4,40,116,110,0.15,0.11,0.26,0.15,0.26,0.15,0.09,0.24,0.15,0.24,Matches
John McGinn,sct SCO,"MF,FW",Aston Villa,30-188,1994,30,24,"1,992",22.1,1,3,4,1,0,0,7,0,2.9,2.6,3.4,6.0,30,90,70,0.05,0.14,0.18,0.05,0.18,0.13,0.15,0.28,0.12,0.27,Matches
John Stones,eng ENG,"DF,MF",Manchester City,30-331,1994,11,6,548,6.1,2,0,2,2,0,0,1,0,0.4,0.4,0.1,0.5,10,21,2,0.33,0.00,0.33,0.33,0.33,0.07,0.01,0.08,0.07,0.08,Matches
Jonny Evans,nir NIR,DF,Manchester Utd,37-111,1988,6,3,290,3.2,0,0,0,0,0,0,1,0,0.1,0.1,0.0,0.1,1,8,2,0.00,0.00,0.00,0.00,0.00,0.03,0.00,0.03,0.03,0.03,Matches
Jordan Ayew,gh GHA,"FW,MF",Leicester City,33-225,1991,25,15,"1,310",14.6,4,0,4,3,1,1,5,0,2.8,2.0,0.8,2.8,38,31,68,0.27,0.00,0.27,0.21,0.21,0.19,0.05,0.25,0.14,0.19,Matches
Jordan Pickford,eng ENG,GK,Everton,31-048,1994,33,33,"2,970",33.0,0,1,1,0,0,0,7,0,0.0,0.0,0.4,0.4,0,0,0,0.00,0.03,0.03,0.00,0.03,0.00,0.01,0.01,0.00,0.01,Matches
Jorge Cuenca,es ESP,DF,Fulham,25-158,1999,6,3,259,2.9,0,0,0,0,0,0,0,0,0.0,0.0,0.0,0.0,0,9,0,0.00,0.00,0.00,0.00,0.00,0.01,0.00,0.01,0.01,0.01,Matches
Jorginho,it ITA,MF,Arsenal,33-125,1991,14,9,703,7.8,0,0,0,0,0,0,5,0,0.1,0.1,0.4,0.5,12,48,6,0.00,0.00,0.00,0.00,0.00,0.01,0.05,0.06,0.01,0.06,Matches
Joshua Acheampong,eng ENG,DF,Chelsea,18-354,2006,4,2,170,1.9,0,0,0,0,0,0,1,0,0.2,0.2,0.0,0.2,0,8,0,0.00,0.00,0.00,0.00,0.00,0.12,0.00,0.12,0.12,0.12,Matches
Joshua Zirkzee,nl NED,"FW,MF",Manchester Utd,23-337,2001,32,14,"1,402",15.6,3,1,4,3,0,0,2,0,4.8,4.8,1.5,6.3,14,44,69,0.19,0.06,0.26,0.19,0.26,0.31,0.10,0.41,0.31,0.41,Matches
José Sá,pt POR,GK,Wolves,32-097,1993,25,25,"2,250",25.0,0,0,0,0,0,0,2,0,0.0,0.0,0.1,0.1,0,2,0,0.00,0.00,0.00,0.00,0.00,0.00,0.01,0.01,0.00,0.01,Matches
Jota Silva,pt POR,"FW,MF",Nott'ham Forest,25-266,1999,27,5,828,9.2,3,1,4,3,0,0,5,0,1.9,1.9,2.9,4.8,19,16,54,0.33,0.11,0.43,0.33,0.43,0.20,0.31,0.52,0.20,0.52,Matches
João Félix,pt POR,"FW,MF",Chelsea,25-165,1999,12,3,369,4.1,1,1,2,1,0,0,2,0,2.2,2.2,1.0,3.2,21,26,30,0.24,0.24,0.49,0.24,0.49,0.54,0.23,0.78,0.54,0.78,Matches
João Gomes,br BRA,MF,Wolves,24-071,2001,31,31,"2,601",28.9,3,1,4,3,0,0,10,1,2.6,2.6,1.1,3.7,51,142,63,0.10,0.03,0.14,0.10,0.14,0.09,0.04,0.13,0.09,0.13,Matches
João Pedro,br BRA,"FW,MF",Brighton,23-210,2001,27,23,"1,948",21.6,10,6,16,5,5,5,4,1,8.9,5.0,5.0,10.0,66,78,128,0.46,0.28,0.74,0.23,0.51,0.41,0.23,0.64,0.23,0.46,Matches
Joël Veltman,nl NED,DF,Brighton,33-099,1992,19,19,"1,643",18.3,0,0,0,0,0,0,4,0,0.5,0.5,0.5,0.9,29,79,32,0.00,0.00,0.00,0.00,0.00,0.03,0.03,0.05,0.03,0.05,Matches
Joško Gvardiol,hr CRO,DF,Manchester City,23-091,2002,33,32,"2,917",32.4,5,0,5,5,0,0,2,0,4.4,4.0,2.0,6.0,78,240,96,0.15,0.00,0.15,0.15,0.15,0.13,0.06,0.20,0.12,0.19,Matches
Julian Araujo,mx MEX,DF,Bournemouth,23-254,2001,9,5,362,4.0,0,0,0,0,0,0,1,0,0.0,0.0,0.0,0.0,3,14,18,0.00,0.00,0.00,0.00,0.00,0.00,0.00,0.00,0.00,0.00,Matches
Julio Enciso,py PAR,"MF,FW",Brighton,21-091,2004,12,2,294,3.3,0,0,0,0,0,0,0,0,1.0,1.0,0.2,1.2,11,14,17,0.00,0.00,0.00,0.00,0.00,0.31,0.07,0.38,0.31,0.38,Matches
Julio Enciso,py PAR,"MF,FW",Ipswich Town,21-091,2004,9,8,550,6.1,1,3,4,1,0,0,3,0,1.2,1.2,1.2,2.4,12,22,28,0.16,0.49,0.65,0.16,0.65,0.19,0.20,0.39,0.19,0.39,Matches
Jurriën Timber,nl NED,DF,Arsenal,23-311,2001,30,27,"2,417",26.9,1,3,4,1,0,0,7,0,1.2,1.2,0.8,2.1,57,146,104,0.04,0.11,0.15,0.04,0.15,0.05,0.03,0.08,0.05,0.08,Matches
Justin Devenny,nir NIR,MF,Crystal Palace,21-195,2003,20,4,429,4.8,1,0,1,1,0,0,1,0,0.7,0.7,0.4,1.1,4,16,12,0.21,0.00,0.21,0.21,0.21,0.14,0.09,0.22,0.14,0.22,Matches
Justin Kluivert,nl NED,"MF,FW",Bournemouth,25-354,1999,29,25,"2,026",22.5,12,6,18,6,6,6,7,0,9.9,5.1,4.8,9.9,68,94,142,0.53,0.27,0.80,0.27,0.53,0.44,0.21,0.65,0.23,0.44,Matches
Jáder Durán,co COL,FW,Aston Villa,21-132,2003,20,4,638,7.1,7,0,7,7,0,0,3,1,4.9,4.9,0.2,5.1,7,13,44,0.99,0.00,0.99,0.99,0.99,0.69,0.03,0.71,0.69,0.71,Matches
Jørgen Strand Larsen,no NOR,FW,Wolves,25-077,2000,31,28,"2,387",26.5,12,2,14,12,0,0,4,0,9.3,9.3,2.4,11.6,15,26,99,0.45,0.08,0.53,0.45,0.53,0.35,0.09,0.44,0.35,0.44,Matches
Kai Havertz,de GER,"FW,MF",Arsenal,25-317,1999,21,21,"1,839",20.4,9,3,12,9,0,0,4,0,9.4,9.4,2.4,11.8,34,59,110,0.44,0.15,0.59,0.44,0.59,0.46,0.12,0.58,0.46,0.58,Matches
Kalvin Phillips,eng ENG,MF,Ipswich Town,29-143,1995,18,14,"1,214",13.5,0,0,0,0,0,0,6,1,0.4,0.4,0.2,0.6,4,49,4,0.00,0.00,0.00,0.00,0.00,0.03,0.02,0.05,0.03,0.05,Matches
Kamaldeen Sulemana,gh GHA,"FW,MF",Southampton,23-068,2002,21,12,"1,045",11.6,1,1,2,1,0,0,0,0,1.2,1.2,0.7,1.9,53,24,69,0.09,0.09,0.17,0.09,0.17,0.11,0.06,0.17,0.11,0.17,Matches
Kaoru Mitoma,jp JPN,"FW,MF",Brighton,27-339,1997,32,28,"2,493",27.7,8,3,11,8,0,0,1,0,8.2,8.2,4.4,12.6,136,81,274,0.29,0.11,0.40,0.29,0.40,0.30,0.16,0.46,0.30,0.46,Matches
Kasey McAteer,ie IRL,"FW,MF",Leicester City,23-153,2001,13,5,484,5.4,0,1,1,0,0,0,1,0,0.6,0.6,0.5,1.1,13,9,42,0.00,0.19,0.19,0.00,0.19,0.11,0.09,0.20,0.11,0.20,Matches
Keane Lewis-Potter,eng ENG,"DF,FW",Brentford,24-061,2001,33,31,"2,714",30.2,1,3,4,1,0,0,5,0,2.6,2.6,3.0,5.6,92,88,143,0.03,0.10,0.13,0.03,0.13,0.08,0.10,0.18,0.08,0.18,Matches
Kenny Tete,nl NED,DF,Fulham,29-197,1995,17,16,"1,348",15.0,0,2,2,0,0,0,3,0,1.2,1.2,0.7,1.9,33,42,40,0.00,0.13,0.13,0.00,0.13,0.08,0.05,0.13,0.08,0.13,Matches
Kepa Arrizabalaga,es ESP,GK,Bournemouth,30-203,1994,26,26,"2,340",26.0,0,0,0,0,0,0,3,0,0.1,0.1,0.0,0.1,0,2,0,0.00,0.00,0.00,0.00,0.00,0.00,0.00,0.00,0.00,0.00,Matches
Kevin Danso,at AUT,DF,Tottenham,26-217,1998,5,4,392,4.4,0,0,0,0,0,0,0,0,0.4,0.4,0.0,0.4,10,16,1,0.00,0.00,0.00,0.00,0.00,0.08,0.01,0.09,0.08,0.09,Matches
Kevin De Bruyne,be BEL,"MF,FW",Manchester City,33-300,1991,24,16,"1,455",16.2,3,7,10,3,0,0,2,0,3.4,3.4,7.6,11.0,47,128,132,0.19,0.43,0.62,0.19,0.62,0.21,0.47,0.68,0.21,0.68,Matches
Kevin Schade,de GER,FW,Brentford,23-148,2001,33,21,"1,931",21.5,7,2,9,7,0,0,3,0,6.2,6.2,3.3,9.5,54,32,139,0.33,0.09,0.42,0.33,0.42,0.29,0.16,0.44,0.29,0.44,Matches
Kieran Tierney,sct SCO,"DF,FW",Arsenal,27-323,1997,10,1,181,2.0,0,0,0,0,0,0,0,0,0.2,0.2,0.9,1.1,5,12,22,0.00,0.00,0.00,0.00,0.00,0.10,0.43,0.53,0.10,0.53,Matches
Kieran Trippier,eng ENG,DF,Newcastle Utd,34-217,1990,22,12,"1,102",12.2,0,1,1,0,0,0,1,0,0.1,0.1,0.7,0.8,21,78,39,0.00,0.08,0.08,0.00,0.08,0.01,0.06,0.07,0.01,0.07,Matches
Kiernan Dewsbury-Hall,eng ENG,"MF,FW",Chelsea,26-230,1998,11,2,258,2.9,0,1,1,0,0,0,0,0,0.2,0.2,1.1,1.3,5,14,11,0.00,0.35,0.35,0.00,0.35,0.08,0.37,0.45,0.08,0.45,Matches
Kobbie Mainoo,eng ENG,MF,Manchester Utd,20-005,2005,20,16,"1,352",15.0,0,0,0,0,0,0,5,0,0.5,0.5,1.5,2.1,19,55,36,0.00,0.00,0.00,0.00,0.00,0.04,0.10,0.14,0.04,0.14,Matches
Konstantinos Mavropanos,gr GRE,DF,West Ham,27-134,1997,29,19,"1,854",20.6,0,0,0,0,0,0,5,1,1.5,1.5,0.5,2.0,16,58,2,0.00,0.00,0.00,0.00,0.00,0.07,0.02,0.09,0.07,0.09,Matches
Kosta Nedeljković,rs SRB,DF,Aston Villa,19-129,2005,5,0,126,1.4,0,0,0,0,0,0,0,0,0.0,0.0,0.0,0.0,1,6,0,0.00,0.00,0.00,0.00,0.00,0.00,0.00,0.00,0.00,0.00,Matches
Kostas Tsimikas,gr GRE,DF,Liverpool,28-347,1996,16,7,666,7.4,0,1,1,0,0,0,2,0,0.4,0.4,1.8,2.2,15,67,38,0.00,0.14,0.14,0.00,0.14,0.05,0.25,0.30,0.05,0.30,Matches
Kristoffer Ajer,no NOR,DF,Brentford,27-007,1998,20,17,"1,388",15.4,0,0,0,0,0,0,4,0,0.8,0.8,1.2,2.1,27,52,42,0.00,0.00,0.00,0.00,0.00,0.05,0.08,0.13,0.05,0.13,Matches
Kyle Walker,eng ENG,DF,Manchester City,34-331,1990,15,9,970,10.8,0,0,0,0,0,0,3,0,0.1,0.1,0.4,0.6,12,64,11,0.00,0.00,0.00,0.00,0.00,0.01,0.04,0.05,0.01,0.05,Matches
Kyle Walker-Peters,eng ENG,DF,Southampton,28-011,1997,31,31,"2,738",30.4,0,2,2,0,0,0,5,0,0.7,0.7,2.7,3.4,110,132,132,0.00,0.07,0.07,0.00,0.07,0.02,0.09,0.11,0.02,0.11,Matches
Lamare Bogarde,nl NED,"DF,MF",Aston Villa,21-109,2004,8,5,476,5.3,0,0,0,0,0,0,2,0,0.0,0.0,0.1,0.2,12,14,9,0.00,0.00,0.00,0.00,0.00,0.01,0.02,0.03,0.01,0.03,Matches
Leandro Trossard,be BEL,FW,Arsenal,30-141,1994,34,25,"2,264",25.2,8,5,13,8,0,0,4,1,6.6,6.6,5.1,11.8,71,91,202,0.32,0.20,0.52,0.32,0.52,0.26,0.20,0.47,0.26,0.47,Matches
Leif Davis,eng ENG,DF,Ipswich Town,25-102,2000,31,30,"2,563",28.5,1,2,3,1,0,0,5,1,0.9,0.9,4.3,5.2,48,55,117,0.04,0.07,0.11,0.04,0.11,0.03,0.15,0.18,0.03,0.18,Matches
Leny Yoro,fr FRA,DF,Manchester Utd,19-162,2005,18,10,979,10.9,0,0,0,0,0,0,5,0,0.7,0.7,0.0,0.7,17,43,4,0.00,0.00,0.00,0.00,0.00,0.06,0.00,0.06,0.06,0.06,Matches
Leon Bailey,jm JAM,"FW,MF",Aston Villa,27-258,1997,23,14,"1,138",12.6,1,2,3,1,0,0,3,0,1.7,1.7,1.5,3.3,57,35,121,0.08,0.16,0.24,0.08,0.24,0.14,0.12,0.26,0.14,0.26,Matches
Lesley Ugochukwu,fr FRA,MF,Southampton,21-029,2004,22,14,"1,357",15.1,1,1,2,1,0,0,5,0,0.8,0.8,1.0,1.8,24,47,19,0.07,0.07,0.13,0.07,0.13,0.05,0.07,0.12,0.05,0.12,Matches
Levi Colwill,eng ENG,DF,Chelsea,22-057,2003,30,30,"2,699",30.0,1,1,2,1,0,0,8,0,1.3,1.3,1.1,2.5,13,122,11,0.03,0.03,0.07,0.03,0.07,0.04,0.04,0.08,0.04,0.08,Matches
Lewis Cook,eng ENG,"MF,DF",Bournemouth,28-080,1997,32,29,"2,707",30.1,1,3,4,1,0,0,8,0,0.9,0.9,4.1,5.0,33,152,48,0.03,0.10,0.13,0.03,0.13,0.03,0.14,0.17,0.03,0.17,Matches
Lewis Dunk,eng ENG,DF,Brighton,33-154,1991,23,21,"1,903",21.1,0,0,0,0,0,0,5,0,0.7,0.7,0.5,1.2,20,137,3,0.00,0.00,0.00,0.00,0.00,0.03,0.03,0.06,0.03,0.06,Matches
Lewis Hall,eng ENG,DF,Newcastle Utd,20-228,2004,27,24,"2,189",24.3,0,4,4,0,0,0,3,0,0.4,0.4,4.3,4.7,41,123,80,0.00,0.16,0.16,0.00,0.16,0.02,0.18,0.19,0.02,0.19,Matches
Lewis Miley,eng ENG,MF,Newcastle Utd,18-358,2006,11,1,225,2.5,1,0,1,1,0,0,0,0,0.5,0.5,0.0,0.6,1,13,6,0.40,0.00,0.40,0.40,0.40,0.22,0.01,0.23,0.22,0.23,Matches
Liam Delap,eng ENG,FW,Ipswich Town,22-075,2003,32,29,"2,354",26.2,12,2,14,10,2,2,8,0,9.0,7.4,1.9,9.3,58,30,101,0.46,0.08,0.54,0.38,0.46,0.35,0.07,0.42,0.28,0.36,Matches
Lisandro Martínez,ar ARG,DF,Manchester Utd,27-096,1998,20,20,"1,751",19.5,2,1,3,2,0,0,7,0,1.3,1.3,1.1,2.4,23,117,7,0.10,0.05,0.15,0.10,0.15,0.07,0.06,0.13,0.07,0.13,Matches
Lloyd Kelly,eng ENG,DF,Newcastle Utd,26-200,1998,10,4,303,3.4,0,1,1,0,0,0,2,0,0.4,0.4,0.5,0.9,0,9,5,0.00,0.30,0.30,0.00,0.30,0.12,0.14,0.26,0.12,0.26,Matches
Lucas Bergvall,se SWE,MF,Tottenham,19-081,2006,26,10,"1,122",12.5,0,1,1,0,0,0,3,0,0.7,0.7,0.6,1.3,31,49,29,0.00,0.08,0.08,0.00,0.08,0.06,0.05,0.10,0.06,0.10,Matches
Lucas Digne,fr FRA,DF,Aston Villa,31-278,1993,30,27,"2,241",24.9,0,4,4,0,0,0,4,0,0.8,0.8,4.4,5.1,23,54,140,0.00,0.16,0.16,0.00,0.16,0.03,0.17,0.21,0.03,0.21,Matches
Lucas Paquetá,br BRA,"MF,FW",West Ham,27-240,1997,29,25,"2,167",24.1,4,0,4,2,2,2,8,0,5.2,3.6,3.0,6.6,20,129,81,0.17,0.00,0.17,0.08,0.08,0.21,0.13,0.34,0.15,0.27,Matches
Luis Díaz,co COL,FW,Liverpool,28-101,1997,32,25,"2,150",23.9,11,5,16,11,0,0,2,0,9.2,9.2,4.9,14.1,102,102,265,0.46,0.21,0.67,0.46,0.67,0.39,0.20,0.59,0.39,0.59,Matches
Luis Guilherme,br BRA,"MF,FW",West Ham,19-074,2006,11,1,138,1.5,0,0,0,0,0,0,0,0,0.3,0.3,0.1,0.4,3,3,13,0.00,0.00,0.00,0.00,0.00,0.19,0.05,0.24,0.19,0.24,Matches
Luis Sinisterra,co COL,"FW,MF",Bournemouth,25-311,1999,12,1,236,2.6,1,1,2,1,0,0,0,0,1.2,1.2,1.4,2.6,19,6,38,0.38,0.38,0.76,0.38,0.76,0.46,0.54,1.00,0.46,1.00,Matches
Luke Thomas,eng ENG,DF,Leicester City,23-318,2001,9,8,693,7.7,0,0,0,0,0,0,1,0,0.1,0.1,0.1,0.3,2,23,9,0.00,0.00,0.00,0.00,0.00,0.02,0.02,0.03,0.02,0.03,Matches
Luke Woolfenden,eng ENG,DF,Ipswich Town,26-185,1998,13,10,"1,007",11.2,0,0,0,0,0,0,2,0,0.0,0.0,0.0,0.0,7,15,0,0.00,0.00,0.00,0.00,0.00,0.00,0.00,0.00,0.00,0.00,Matches
Mads Hermansen,dk DEN,GK,Leicester City,24-287,2000,26,26,"2,295",25.5,0,0,0,0,0,0,1,0,0.0,0.0,0.0,0.0,0,1,0,0.00,0.00,0.00,0.00,0.00,0.00,0.00,0.00,0.00,0.00,Matches
Mads Roerslev,dk DEN,DF,Brentford,25-304,1999,19,11,"1,101",12.2,0,2,2,0,0,0,2,0,0.2,0.2,3.0,3.2,17,51,54,0.00,0.16,0.16,0.00,0.16,0.02,0.24,0.26,0.02,0.26,Matches
Malo Gusto,fr FRA,DF,Chelsea,21-340,2003,28,19,"1,819",20.2,0,1,1,0,0,0,4,0,1.7,1.7,1.2,2.9,48,118,84,0.00,0.05,0.05,0.00,0.05,0.08,0.06,0.15,0.08,0.15,Matches
Manuel Akanji,ch SUI,DF,Manchester City,29-279,1995,22,20,"1,711",19.0,0,0,0,0,0,0,3,0,0.7,0.7,0.4,1.1,38,135,6,0.00,0.00,0.00,0.00,0.00,0.04,0.02,0.06,0.04,0.06,Matches
Manuel Ugarte Ribeiro,uy URU,MF,Manchester Utd,24-013,2001,25,20,"1,590",17.7,1,0,1,1,0,0,9,0,0.8,0.8,0.6,1.4,10,53,19,0.06,0.00,0.06,0.06,0.06,0.05,0.03,0.08,0.05,0.08,Matches
Marc Cucurella,es ESP,DF,Chelsea,26-276,1998,31,28,"2,538",28.2,4,1,5,4,0,0,10,1,2.2,2.2,1.8,4.0,30,97,106,0.14,0.04,0.18,0.14,0.18,0.08,0.06,0.14,0.08,0.14,Matches
Marc Guéhi,eng ENG,DF,Crystal Palace,24-285,2000,32,32,"2,879",32.0,3,2,5,3,0,0,9,1,1.9,1.9,1.2,3.1,22,126,8,0.09,0.06,0.16,0.09,0.16,0.06,0.04,0.10,0.06,0.10,Matches
Marco Asensio,es ESP,"MF,FW",Aston Villa,29-093,1996,9,5,481,5.3,3,1,4,3,0,2,1,0,4.2,2.6,0.8,3.4,15,31,23,0.56,0.19,0.75,0.56,0.75,0.78,0.15,0.93,0.49,0.64,Matches
Marcos Senesi,ar ARG,DF,Bournemouth,27-349,1997,14,12,"1,008",11.2,0,0,0,0,0,0,5,0,0.8,0.8,0.2,1.0,12,51,5,0.00,0.00,0.00,0.00,0.00,0.07,0.02,0.09,0.07,0.09,Matches
Marcus Rashford,eng ENG,FW,Aston Villa,27-175,1997,10,4,444,4.9,2,2,4,1,1,1,0,0,3.1,2.3,2.3,4.5,22,13,42,0.41,0.41,0.81,0.20,0.61,0.62,0.46,1.08,0.46,0.92,Matches
Marcus Rashford,eng ENG,"FW,MF",Manchester Utd,27-175,1997,15,12,978,10.9,4,1,5,4,0,0,2,0,1.7,1.7,2.1,3.8,20,21,79,0.37,0.09,0.46,0.37,0.46,0.16,0.19,0.35,0.16,0.35,Matches
Marcus Tavernier,eng ENG,"FW,MF",Bournemouth,26-033,1999,24,16,"1,561",17.3,3,5,8,3,0,0,5,0,5.2,5.2,2.8,8.1,37,99,103,0.17,0.29,0.46,0.17,0.46,0.30,0.16,0.46,0.30,0.46,Matches
Mario Lemina,ga GAB,"MF,DF",Wolves,31-235,1993,17,15,"1,364",15.2,1,3,4,1,0,0,4,0,1.4,1.4,1.1,2.5,8,48,21,0.07,0.20,0.26,0.07,0.26,0.09,0.07,0.17,0.09,0.17,Matches
Mark Flekken,nl NED,GK,Brentford,31-315,1993,32,32,"2,825",31.4,0,1,1,0,0,0,1,0,0.0,0.0,0.2,0.2,0,0,0,0.00,0.03,0.03,0.00,0.03,0.00,0.01,0.01,0.00,0.01,Matches
Mark Travers,ie IRL,GK,Bournemouth,25-341,1999,5,5,450,5.0,0,0,0,0,0,0,0,0,0.0,0.0,0.0,0.0,0,0,0,0.00,0.00,0.00,0.00,0.00,0.00,0.00,0.00,0.00,0.00,Matches
Marshall Munetsi,zw ZIM,"MF,FW",Wolves,28-306,1996,9,8,698,7.8,1,1,2,1,0,0,0,0,3.0,3.0,0.9,3.8,4,7,23,0.13,0.13,0.26,0.13,0.26,0.38,0.11,0.50,0.38,0.50,Matches
Martin Dúbravka,sk SVK,GK,Newcastle Utd,36-099,1989,10,10,900,10.0,0,0,0,0,0,0,0,0,0.0,0.0,0.0,0.0,0,0,0,0.00,0.00,0.00,0.00,0.00,0.00,0.00,0.00,0.00,0.00,Matches
Martin Ødegaard,no NOR,MF,Arsenal,26-128,1998,26,23,"2,040",22.7,2,6,8,1,1,1,4,0,4.4,3.7,4.6,8.2,79,231,142,0.09,0.26,0.35,0.04,0.31,0.20,0.20,0.40,0.16,0.36,Matches
Mason Mount,eng ENG,"MF,FW",Manchester Utd,26-104,1999,12,4,348,3.9,0,0,0,0,0,0,3,0,1.2,1.2,0.2,1.4,7,15,15,0.00,0.00,0.00,0.00,0.00,0.32,0.05,0.37,0.32,0.37,Matches
Massimo Luongo,au AUS,MF,Ipswich Town,32-211,1992,8,2,191,2.1,0,0,0,0,0,0,0,0,0.0,0.0,0.0,0.0,0,5,1,0.00,0.00,0.00,0.00,0.00,0.00,0.00,0.00,0.00,0.00,Matches
Mateo Kovačić,hr CRO,MF,Manchester City,30-353,1994,28,22,"1,960",21.8,6,1,7,6,0,0,5,0,1.7,1.7,3.5,5.2,51,142,15,0.28,0.05,0.32,0.28,0.32,0.08,0.16,0.24,0.08,0.24,Matches
Mateus Fernandes,pt POR,MF,Southampton,20-288,2004,31,29,"2,499",27.8,2,3,5,2,0,0,8,0,3.7,3.7,2.6,6.3,71,127,97,0.07,0.11,0.18,0.07,0.18,0.13,0.09,0.23,0.13,0.23,Matches
Matheus Cunha,br BRA,"MF,FW",Wolves,25-332,1999,28,25,"2,253",25.0,14,4,18,14,0,0,3,0,7.3,7.3,6.8,14.1,95,119,141,0.56,0.16,0.72,0.56,0.72,0.29,0.27,0.56,0.29,0.56,Matches
Matheus Nunes,pt POR,"DF,MF",Manchester City,26-240,1998,23,16,"1,404",15.6,1,5,6,1,0,0,4,0,0.9,0.9,4.2,5.1,56,66,151,0.06,0.32,0.38,0.06,0.38,0.06,0.27,0.33,0.06,0.33,Matches
Mathias Jensen,dk DEN,MF,Brentford,29-113,1996,19,8,770,8.6,0,2,2,0,0,0,2,0,0.2,0.2,1.6,1.8,6,55,26,0.00,0.23,0.23,0.00,0.23,0.03,0.19,0.22,0.03,0.22,Matches
Mathys Tel,fr FRA,FW,Tottenham,19-362,2005,8,6,492,5.5,2,0,2,1,1,1,0,0,2.1,1.3,0.9,2.2,14,12,45,0.37,0.00,0.37,0.18,0.18,0.38,0.17,0.55,0.24,0.41,Matches
Mats Wieffer,nl NED,"MF,DF",Brighton,25-159,1999,20,5,602,6.7,1,2,3,1,0,0,4,0,0.5,0.5,1.3,1.8,6,40,10,0.15,0.30,0.45,0.15,0.45,0.08,0.19,0.27,0.08,0.27,Matches
Matt Doherty,ie IRL,DF,Wolves,33-098,1992,26,21,"1,818",20.2,2,1,3,2,0,0,6,0,1.0,1.0,1.5,2.5,29,73,39,0.10,0.05,0.15,0.10,0.15,0.05,0.08,0.13,0.05,0.13,Matches
Matt O'Riley,dk DEN,MF,Brighton,24-154,2000,16,8,677,7.5,1,1,2,1,0,0,1,0,1.9,1.9,1.3,3.2,16,29,40,0.13,0.13,0.27,0.13,0.27,0.26,0.17,0.43,0.26,0.43,Matches
Matthijs de Ligt,nl NED,DF,Manchester Utd,25-255,1999,28,24,"2,089",23.2,2,0,2,2,0,0,3,0,2.5,2.5,0.3,2.8,7,55,6,0.09,0.00,0.09,0.09,0.09,0.11,0.01,0.12,0.11,0.12,Matches
Matty Cash,pl POL,DF,Aston Villa,27-260,1997,23,20,"1,710",19.0,1,1,2,1,0,0,6,0,0.3,0.3,1.1,1.4,44,38,70,0.05,0.05,0.11,0.05,0.11,0.02,0.06,0.07,0.02,0.07,Matches
Matz Sels,be BEL,GK,Nott'ham Forest,33-057,1992,33,33,"2,970",33.0,0,0,0,0,0,0,3,0,0.0,0.0,0.0,0.0,0,1,0,0.00,0.00,0.00,0.00,0.00,0.00,0.00,0.00,0.00,0.00,Matches
Max Kilman,eng ENG,DF,West Ham,27-336,1997,33,33,"2,898",32.2,0,1,1,0,0,0,4,0,1.4,1.4,1.1,2.6,28,103,5,0.00,0.03,0.03,0.00,0.03,0.04,0.04,0.08,0.04,0.08,Matches
Maxence Lacroix,fr FRA,DF,Crystal Palace,25-018,2000,31,31,"2,756",30.6,1,1,2,1,0,0,5,0,2.8,2.8,0.8,3.6,8,59,7,0.03,0.03,0.07,0.03,0.07,0.09,0.02,0.12,0.09,0.12,Matches
Michael Kayode,it ITA,DF,Brentford,20-288,2004,7,1,128,1.4,0,0,0,0,0,0,1,0,0.0,0.0,0.2,0.2,3,2,10,0.00,0.00,0.00,0.00,0.00,0.00,0.11,0.11,0.00,0.11,Matches
Michael Keane,eng ENG,DF,Everton,32-103,1993,11,9,852,9.5,2,0,2,2,0,0,5,0,0.4,0.4,0.1,0.5,1,12,3,0.21,0.00,0.21,0.21,0.21,0.05,0.01,0.06,0.05,0.06,Matches
Michail Antonio,jm JAM,FW,West Ham,35-027,1990,14,11,836,9.3,1,1,2,1,0,0,1,0,2.2,2.2,1.6,3.8,29,18,59,0.11,0.11,0.22,0.11,0.22,0.24,0.17,0.41,0.24,0.41,Matches
Micky van de Ven,nl NED,DF,Tottenham,24-005,2001,12,11,950,10.6,0,2,2,0,0,0,4,0,0.6,0.6,1.2,1.7,8,51,1,0.00,0.19,0.19,0.00,0.19,0.05,0.11,0.16,0.05,0.16,Matches
Miguel Almirón,py PAR,FW,Newcastle Utd,31-073,1994,9,1,157,1.7,0,0,0,0,0,0,0,0,0.5,0.5,0.3,0.8,3,6,18,0.00,0.00,0.00,0.00,0.00,0.30,0.15,0.45,0.30,0.45,Matches
Mikel Merino,es ESP,"MF,FW",Arsenal,28-306,1996,25,15,"1,401",15.6,6,2,8,6,0,0,2,0,4.4,4.4,1.9,6.3,9,61,86,0.39,0.13,0.51,0.39,0.51,0.28,0.12,0.40,0.28,0.40,Matches
Mikey Moore,eng ENG,"FW,MF",Tottenham,17-256,2007,7,2,185,2.1,0,1,1,0,0,0,0,0,0.2,0.2,0.3,0.5,9,7,30,0.00,0.49,0.49,0.00,0.49,0.10,0.16,0.26,0.10,0.26,Matches
Mikkel Damsgaard,dk DEN,"MF,FW",Brentford,24-295,2000,33,29,"2,495",27.7,2,10,12,2,0,0,2,0,2.6,2.6,7.3,9.9,62,204,115,0.07,0.36,0.43,0.07,0.43,0.09,0.26,0.36,0.09,0.36,Matches
Milos Kerkez,hu HUN,DF,Bournemouth,21-168,2003,33,33,"2,897",32.2,2,5,7,2,0,0,4,0,0.5,0.5,3.3,3.8,89,141,161,0.06,0.16,0.22,0.06,0.22,0.02,0.10,0.12,0.01,0.12,Matches
Mohamed Salah,eg EGY,FW,Liverpool,32-313,1992,33,33,"2,921",32.5,27,18,45,18,9,9,1,0,23.7,16.7,12.1,28.8,138,127,407,0.83,0.55,1.39,0.55,1.11,0.73,0.37,1.10,0.51,0.89,Matches
Mohammed Kudus,gh GHA,"FW,MF",West Ham,24-265,2000,27,27,"2,241",24.9,3,2,5,3,0,0,1,1,6.2,6.2,2.3,8.5,87,71,189,0.12,0.08,0.20,0.12,0.20,0.25,0.09,0.34,0.25,0.34,Matches
Moisés Caicedo,ec ECU,MF,Chelsea,23-173,2001,33,33,"2,901",32.2,1,2,3,1,0,0,10,0,0.7,0.7,2.9,3.6,37,188,32,0.03,0.06,0.09,0.03,0.09,0.02,0.09,0.11,0.02,0.11,Matches
Morato,br BRA,DF,Nott'ham Forest,23-298,2001,23,5,799,8.9,0,0,0,0,0,0,2,0,0.2,0.2,0.0,0.2,0,14,1,0.00,0.00,0.00,0.00,0.00,0.02,0.00,0.02,0.02,0.02,Matches
Morgan Gibbs-White,eng ENG,MF,Nott'ham Forest,25-087,2000,29,29,"2,377",26.4,5,7,12,5,0,0,9,1,4.6,4.6,4.4,9.0,63,139,115,0.19,0.27,0.45,0.19,0.45,0.18,0.17,0.34,0.18,0.34,Matches
Morgan Rogers,eng ENG,"FW,MF",Aston Villa,22-272,2002,33,33,"2,763",30.7,8,8,16,8,0,0,9,0,6.1,6.1,6.9,13.0,102,113,171,0.26,0.26,0.52,0.26,0.52,0.20,0.22,0.42,0.20,0.42,Matches
Murillo,br BRA,DF,Nott'ham Forest,22-294,2002,32,32,"2,838",31.5,1,0,1,1,0,0,5,0,1.2,1.2,1.1,2.3,19,100,4,0.03,0.00,0.03,0.03,0.03,0.04,0.03,0.07,0.04,0.07,Matches
Mykhailo Mudryk,ua UKR,FW,Chelsea,24-109,2001,7,1,151,1.7,0,0,0,0,0,0,0,0,0.3,0.3,1.0,1.2,7,5,12,0.00,0.00,0.00,0.00,0.00,0.15,0.58,0.73,0.15,0.73,Matches
Myles Lewis-Skelly,eng ENG,DF,Arsenal,18-210,2006,19,12,"1,078",12.0,1,0,1,1,0,0,2,2,0.1,0.1,0.3,0.5,29,57,32,0.08,0.00,0.08,0.08,0.08,0.01,0.03,0.04,0.01,0.04,Matches
Nathan Aké,nl NED,DF,Manchester City,30-065,1995,10,8,678,7.5,0,0,0,0,0,0,0,0,0.2,0.2,0.0,0.2,12,50,2,0.00,0.00,0.00,0.00,0.00,0.03,0.00,0.03,0.03,0.03,Matches
Nathan Broadhead,wls WAL,"MF,FW",Ipswich Town,27-019,1998,16,6,605,6.7,1,0,1,1,0,0,1,0,1.5,1.5,0.6,2.1,17,12,27,0.15,0.00,0.15,0.15,0.15,0.22,0.10,0.32,0.22,0.32,Matches
Nathan Collins,ie IRL,DF,Brentford,23-359,2001,33,33,"2,970",33.0,2,2,4,2,0,0,5,0,2.5,2.5,1.5,4.0,25,112,18,0.06,0.06,0.12,0.06,0.12,0.08,0.05,0.12,0.08,0.12,Matches
Nathan Patterson,sct SCO,"DF,FW",Everton,23-190,2001,8,1,203,2.3,0,0,0,0,0,0,0,0,0.1,0.1,0.3,0.4,4,7,7,0.00,0.00,0.00,0.00,0.00,0.03,0.15,0.18,0.03,0.18,Matches
Nathan Wood-Gordon,eng ENG,DF,Southampton,22-328,2002,9,7,624,6.9,0,0,0,0,0,0,2,0,0.2,0.2,0.0,0.3,2,17,0,0.00,0.00,0.00,0.00,0.00,0.03,0.00,0.04,0.03,0.04,Matches
Nathaniel Clyne,eng ENG,"DF,MF",Crystal Palace,34-019,1991,13,5,483,5.4,0,0,0,0,0,0,1,0,0.0,0.0,0.3,0.3,6,7,8,0.00,0.00,0.00,0.00,0.00,0.00,0.06,0.06,0.00,0.06,Matches
Neco Williams,wls WAL,DF,Nott'ham Forest,24-011,2001,30,23,"2,144",23.8,1,2,3,1,0,0,5,0,2.2,2.2,1.4,3.6,54,70,81,0.04,0.08,0.13,0.04,0.13,0.09,0.06,0.15,0.09,0.15,Matches
Neto,br BRA,GK,Bournemouth,35-279,1989,2,2,180,2.0,0,0,0,0,0,0,0,0,0.0,0.0,0.0,0.0,0,0,0,0.00,0.00,0.00,0.00,0.00,0.00,0.00,0.00,0.00,0.00,Matches
Nick Pope,eng ENG,GK,Newcastle Utd,33-005,1992,23,23,"2,070",23.0,0,0,0,0,0,0,2,0,0.0,0.0,0.0,0.0,0,1,0,0.00,0.00,0.00,0.00,0.00,0.00,0.00,0.00,0.00,0.00,Matches
Niclas Füllkrug,de GER,FW,West Ham,32-074,1993,13,4,544,6.0,3,2,5,3,0,0,2,0,1.9,1.9,1.9,3.8,5,9,21,0.50,0.33,0.83,0.50,0.83,0.32,0.31,0.63,0.32,0.63,Matches
Nico O’Reilly,eng ENG,DF,Manchester City,20-034,2005,7,5,456,5.1,2,0,2,2,0,0,0,0,1.2,1.2,0.4,1.5,15,13,23,0.39,0.00,0.39,0.39,0.39,0.23,0.07,0.30,0.23,0.30,Matches
Nicolas Jackson,sn SEN,FW,Chelsea,23-308,2001,27,25,"2,025",22.5,9,5,14,9,0,0,7,0,12.1,12.1,4.3,16.4,44,35,114,0.40,0.22,0.62,0.40,0.62,0.54,0.19,0.73,0.54,0.73,Matches
Nicolás Domínguez,ar ARG,"MF,FW",Nott'ham Forest,26-300,1998,29,19,"1,624",18.0,0,1,1,0,0,0,8,0,1.4,1.4,1.3,2.7,12,63,24,0.00,0.06,0.06,0.00,0.06,0.08,0.07,0.15,0.08,0.15,Matches
Nicolás González,es ESP,MF,Manchester City,23-111,2002,8,8,647,7.2,0,0,0,0,0,0,3,0,0.3,0.3,0.1,0.3,5,46,10,0.00,0.00,0.00,0.00,0.00,0.04,0.01,0.05,0.04,0.05,Matches
Nikola Milenković,rs SRB,DF,Nott'ham Forest,27-194,1997,32,32,"2,880",32.0,4,2,6,4,0,0,4,0,3.6,3.6,0.8,4.4,3,47,6,0.12,0.06,0.19,0.12,0.19,0.11,0.03,0.14,0.11,0.14,Matches
Noni Madueke,eng ENG,FW,Chelsea,23-045,2002,27,22,"1,646",18.3,7,3,10,7,0,0,3,0,7.9,7.9,3.9,11.8,124,60,198,0.38,0.16,0.55,0.38,0.55,0.43,0.21,0.65,0.43,0.65,Matches
Noussair Mazraoui,ma MAR,DF,Manchester Utd,27-161,1997,33,30,"2,565",28.5,0,1,1,0,0,0,2,0,0.6,0.6,1.3,1.9,36,102,47,0.00,0.04,0.04,0.00,0.04,0.02,0.05,0.07,0.02,0.07,Matches
Nélson Semedo,pt POR,DF,Wolves,31-159,1993,29,28,"2,488",27.6,0,4,4,0,0,0,7,0,0.8,0.8,2.6,3.4,61,66,103,0.00,0.14,0.14,0.00,0.14,0.03,0.09,0.12,0.03,0.12,Matches
Odsonne Édouard,fr FRA,"MF,FW",Crystal Palace,27-098,1998,2,1,115,1.3,0,0,0,0,0,0,0,0,0.4,0.4,0.0,0.4,2,4,7,0.00,0.00,0.00,0.00,0.00,0.31,0.04,0.34,0.31,0.34,Matches
Ola Aina,ng NGA,DF,Nott'ham Forest,28-198,1996,30,30,"2,569",28.5,2,1,3,2,0,0,2,0,0.6,0.6,0.7,1.3,54,91,52,0.07,0.04,0.11,0.07,0.11,0.02,0.03,0.05,0.02,0.05,Matches
Oleksandr Zinchenko,ua UKR,"DF,MF",Arsenal,28-130,1996,12,4,450,5.0,0,1,1,0,0,0,1,0,0.3,0.3,0.1,0.4,10,35,12,0.00,0.20,0.20,0.00,0.20,0.05,0.03,0.08,0.05,0.08,Matches
Oliver Scarles,eng ENG,DF,West Ham,19-133,2005,14,6,594,6.6,0,0,0,0,0,0,1,0,0.1,0.1,0.0,0.1,11,21,39,0.00,0.00,0.00,0.00,0.00,0.02,0.00,0.02,0.02,0.02,Matches
Oliver Skipp,eng ENG,MF,Leicester City,24-220,2000,19,7,862,9.6,0,0,0,0,0,0,6,0,0.1,0.1,0.3,0.4,15,25,18,0.00,0.00,0.00,0.00,0.00,0.01,0.03,0.04,0.01,0.04,Matches
Ollie Watkins,eng ENG,FW,Aston Villa,29-115,1995,34,27,"2,263",25.1,15,7,22,13,2,2,2,0,14.5,13.0,2.9,15.9,50,28,143,0.60,0.28,0.87,0.52,0.80,0.58,0.12,0.70,0.52,0.63,Matches
Omar Marmoush,eg EGY,"FW,MF",Manchester City,26-076,1999,12,11,916,10.2,6,0,6,6,0,0,0,0,4.7,4.7,1.7,6.4,20,26,63,0.59,0.00,0.59,0.59,0.59,0.46,0.17,0.63,0.46,0.63,Matches
Omari Hutchinson,eng ENG,"MF,FW",Ipswich Town,21-176,2003,27,26,"2,223",24.7,3,2,5,3,0,0,5,0,2.3,2.3,2.5,4.8,71,69,131,0.12,0.08,0.20,0.12,0.20,0.09,0.10,0.19,0.09,0.19,Matches
Orel Mangala,be BEL,MF,Everton,27-037,1998,19,14,"1,261",14.0,1,0,1,1,0,0,2,0,1.1,1.1,0.6,1.8,6,34,19,0.07,0.00,0.07,0.07,0.07,0.08,0.05,0.13,0.08,0.13,Matches
Pablo Sarabia,es ESP,"MF,FW",Wolves,32-348,1992,19,6,676,7.5,3,2,5,3,0,0,3,0,2.8,2.8,1.6,4.4,12,47,49,0.40,0.27,0.67,0.40,0.67,0.37,0.22,0.59,0.37,0.59,Matches
Pape Matar Sarr,sn SEN,MF,Tottenham,22-222,2002,31,18,"1,591",17.7,3,2,5,3,0,0,6,0,3.3,3.3,1.5,4.8,29,79,50,0.17,0.11,0.28,0.17,0.28,0.18,0.09,0.27,0.18,0.27,Matches
Patrick Dorgu,dk DEN,DF,Manchester Utd,20-180,2004,7,6,496,5.5,0,0,0,0,0,0,2,1,0.4,0.4,0.4,0.8,21,20,44,0.00,0.00,0.00,0.00,0.00,0.07,0.08,0.15,0.07,0.15,Matches
Patson Daka,zm ZAM,"FW,MF",Leicester City,26-197,1998,20,5,647,7.2,1,0,1,1,0,0,0,0,1.3,1.3,0.1,1.3,9,8,33,0.14,0.00,0.14,0.14,0.14,0.17,0.01,0.18,0.17,0.18,Matches
Pau Torres,es ESP,DF,Aston Villa,28-098,1997,20,20,"1,729",19.2,0,0,0,0,0,0,1,0,0.5,0.5,0.1,0.6,33,74,4,0.00,0.00,0.00,0.00,0.00,0.03,0.00,0.03,0.03,0.03,Matches
Paul Onuachu,ng NGA,FW,Southampton,30-331,1994,23,11,984,10.9,4,1,5,4,0,0,4,0,3.3,3.3,0.5,3.8,7,12,39,0.37,0.09,0.46,0.37,0.46,0.30,0.04,0.35,0.30,0.35,Matches
Pedro Neto,pt POR,FW,Chelsea,25-046,2000,30,19,"1,833",20.4,4,4,8,4,0,0,8,0,2.8,2.8,5.4,8.2,106,52,216,0.20,0.20,0.39,0.20,0.39,0.14,0.26,0.40,0.14,0.40,Matches
Pedro Porro,es ESP,DF,Tottenham,25-223,1999,31,26,"2,463",27.4,2,6,8,2,0,0,4,0,1.5,1.5,4.0,5.5,63,147,106,0.07,0.22,0.29,0.07,0.29,0.06,0.15,0.20,0.06,0.20,Matches
Pervis Estupiñán,ec ECU,DF,Brighton,27-093,1998,26,22,"2,042",22.7,1,1,2,1,0,0,5,0,0.7,0.7,2.1,2.8,53,101,101,0.04,0.04,0.09,0.04,0.09,0.03,0.09,0.12,0.03,0.12,Matches
Phil Foden,eng ENG,"MF,FW",Manchester City,24-331,2000,25,19,"1,686",18.7,7,2,9,7,0,0,2,0,5.1,5.1,4.7,9.8,47,95,119,0.37,0.11,0.48,0.37,0.48,0.27,0.25,0.52,0.27,0.52,Matches
Philip Billing,dk DEN,MF,Bournemouth,28-317,1996,10,1,184,2.0,0,0,0,0,0,0,1,0,0.6,0.6,1.1,1.7,3,15,13,0.00,0.00,0.00,0.00,0.00,0.28,0.54,0.82,0.28,0.82,Matches
Radu Drăgușin,ro ROU,DF,Tottenham,23-080,2002,16,14,"1,252",13.9,0,0,0,0,0,0,1,0,0.1,0.1,0.4,0.5,7,37,2,0.00,0.00,0.00,0.00,0.00,0.01,0.03,0.04,0.01,0.04,Matches
Raheem Sterling,eng ENG,"FW,MF",Arsenal,30-137,1994,15,6,432,4.8,0,2,2,0,0,0,1,0,1.3,1.3,0.5,1.8,25,17,71,0.00,0.42,0.42,0.00,0.42,0.27,0.10,0.37,0.27,0.37,Matches
Ramón Sosa,py PAR,"FW,MF",Nott'ham Forest,25-236,1999,17,1,264,2.9,1,0,1,1,0,0,1,0,0.9,0.9,0.5,1.4,12,4,15,0.34,0.00,0.34,0.34,0.34,0.32,0.17,0.49,0.32,0.49,Matches
Rasmus Højlund,dk DEN,FW,Manchester Utd,22-079,2003,28,19,"1,654",18.4,3,0,3,3,0,0,2,0,3.4,3.4,1.2,4.5,26,16,82,0.16,0.00,0.16,0.16,0.16,0.18,0.06,0.25,0.18,0.25,Matches
Rayan Aït-Nouri,dz ALG,DF,Wolves,23-322,2001,32,32,"2,699",30.0,4,6,10,4,0,0,7,1,2.3,2.3,4.4,6.7,70,96,150,0.13,0.20,0.33,0.13,0.33,0.08,0.15,0.22,0.08,0.22,Matches
Raúl Jiménez,mx MEX,FW,Fulham,33-354,1991,33,25,"2,044",22.7,10,3,13,7,3,3,3,0,10.4,8.1,2.9,11.0,31,51,113,0.44,0.13,0.57,0.31,0.44,0.46,0.13,0.59,0.36,0.48,Matches
Reece James,eng ENG,"DF,MF",Chelsea,25-137,1999,14,10,811,9.0,1,0,1,1,0,0,1,0,0.3,0.3,0.5,0.8,6,50,9,0.11,0.00,0.11,0.11,0.11,0.03,0.06,0.09,0.03,0.09,Matches
Reiss Nelson,eng ENG,FW,Fulham,25-135,1999,11,5,487,5.4,1,1,2,1,0,0,1,0,1.1,1.1,1.0,2.1,45,35,63,0.18,0.18,0.37,0.18,0.37,0.20,0.18,0.39,0.20,0.39,Matches
Renato Veiga,pt POR,"DF,MF",Chelsea,21-269,2003,7,1,181,2.0,0,0,0,0,0,0,2,0,0.1,0.1,0.0,0.1,4,7,3,0.00,0.00,0.00,0.00,0.00,0.07,0.00,0.07,0.07,0.07,Matches
Ricardo Pereira,pt POR,DF,Leicester City,31-200,1993,7,3,297,3.3,0,0,0,0,0,0,1,0,0.1,0.1,0.0,0.1,3,13,5,0.00,0.00,0.00,0.00,0.00,0.03,0.00,0.03,0.03,0.03,Matches
Riccardo Calafiori,it ITA,DF,Arsenal,22-340,2002,17,11,925,10.3,2,1,3,2,0,0,4,0,0.9,0.9,0.3,1.1,21,54,29,0.19,0.10,0.29,0.19,0.29,0.08,0.03,0.11,0.08,0.11,Matches
Richarlison,br BRA,FW,Tottenham,27-349,1997,11,3,385,4.3,4,1,5,4,0,0,1,0,3.6,3.6,0.9,4.5,8,10,18,0.94,0.23,1.17,0.94,1.17,0.83,0.21,1.04,0.83,1.04,Matches
Rico Lewis,eng ENG,"DF,MF",Manchester City,20-154,2004,26,20,"1,810",20.1,1,2,3,1,0,0,5,1,1.4,1.4,0.3,1.7,36,103,68,0.05,0.10,0.15,0.05,0.15,0.07,0.02,0.08,0.07,0.08,Matches
Robert Sánchez,es ESP,GK,Chelsea,27-157,1997,27,27,"2,430",27.0,0,0,0,0,0,0,5,0,0.0,0.0,0.0,0.0,0,1,0,0.00,0.00,0.00,0.00,0.00,0.00,0.00,0.00,0.00,0.00,Matches
Robin Olsen,se SWE,GK,Aston Villa,35-106,1990,3,1,180,2.0,0,0,0,0,0,0,0,0,0.0,0.0,0.0,0.0,0,0,0,0.00,0.00,0.00,0.00,0.00,0.00,0.00,0.00,0.00,0.00,Matches
Rodrigo Bentancur,uy URU,MF,Tottenham,27-303,1997,23,19,"1,518",16.9,2,0,2,2,0,0,7,0,1.3,1.3,0.4,1.7,26,99,34,0.12,0.00,0.12,0.12,0.12,0.08,0.03,0.10,0.08,0.10,Matches
Rodrigo Gomes,pt POR,"DF,FW",Wolves,21-291,2003,20,6,633,7.0,1,0,1,1,0,0,0,0,0.4,0.4,0.8,1.2,21,24,62,0.14,0.00,0.14,0.14,0.14,0.05,0.12,0.17,0.05,0.17,Matches
Rodrigo Muniz,br BRA,FW,Fulham,23-355,2001,31,8,964,10.7,8,1,9,8,0,0,1,0,5.8,5.8,0.7,6.5,6,27,31,0.75,0.09,0.84,0.75,0.84,0.54,0.07,0.61,0.54,0.61,Matches
Roméo Lavia,be BEL,MF,Chelsea,21-108,2004,11,8,541,6.0,0,1,1,0,0,0,4,0,0.2,0.2,0.7,0.9,3,18,6,0.00,0.17,0.17,0.00,0.17,0.03,0.11,0.14,0.03,0.14,Matches
Ross Barkley,eng ENG,MF,Aston Villa,31-140,1993,17,3,563,6.3,3,1,4,3,0,0,3,0,1.7,1.7,0.6,2.3,14,33,9,0.48,0.16,0.64,0.48,0.64,0.27,0.10,0.37,0.27,0.37,Matches
Ross Stewart,sct SCO,"FW,MF",Southampton,28-287,1996,7,1,176,2.0,0,0,0,0,0,0,1,0,0.1,0.1,0.0,0.1,1,1,5,0.00,0.00,0.00,0.00,0.00,0.06,0.00,0.06,0.06,0.06,Matches
Ryan Christie,sct SCO,MF,Bournemouth,30-061,1995,29,27,"2,117",23.5,2,3,5,2,0,0,9,0,1.8,1.8,3.5,5.4,34,137,44,0.09,0.13,0.21,0.09,0.21,0.08,0.15,0.23,0.08,0.23,Matches
Ryan Fraser,sct SCO,"FW,DF",Southampton,31-059,1994,8,4,306,3.4,0,0,0,0,0,0,0,1,0.0,0.0,0.1,0.1,10,8,18,0.00,0.00,0.00,0.00,0.00,0.01,0.03,0.04,0.01,0.04,Matches
Ryan Gravenberch,nl NED,MF,Liverpool,22-343,2002,33,33,"2,831",31.5,0,3,3,0,0,0,5,0,1.0,1.0,2.8,3.8,62,160,54,0.00,0.10,0.10,0.00,0.10,0.03,0.09,0.12,0.03,0.12,Matches
Ryan Manning,ie IRL,"DF,MF",Southampton,28-314,1996,21,16,"1,279",14.2,0,0,0,0,0,0,2,0,0.3,0.3,2.7,3.1,12,31,68,0.00,0.00,0.00,0.00,0.00,0.02,0.19,0.21,0.02,0.21,Matches
Ryan Sessegnon,eng ENG,"FW,DF",Fulham,24-341,2000,11,4,324,3.6,3,2,5,3,0,0,0,0,1.2,1.2,0.6,1.8,9,4,26,0.83,0.56,1.39,0.83,1.39,0.34,0.17,0.51,0.34,0.51,Matches
Ryan Yates,eng ENG,MF,Nott'ham Forest,27-154,1997,30,17,"1,775",19.7,2,1,3,2,0,0,9,0,2.3,2.3,1.1,3.4,17,45,12,0.10,0.05,0.15,0.10,0.15,0.11,0.06,0.17,0.11,0.17,Matches
Rúben Dias,pt POR,DF,Manchester City,27-345,1997,23,21,"1,911",21.2,0,0,0,0,0,0,4,0,1.4,1.4,0.3,1.6,34,120,6,0.00,0.00,0.00,0.00,0.00,0.07,0.01,0.08,0.07,0.08,Matches
Sam Johnstone,eng ENG,GK,Wolves,32-030,1993,7,7,630,7.0,0,0,0,0,0,0,0,0,0.0,0.0,0.0,0.0,0,0,0,0.00,0.00,0.00,0.00,0.00,0.00,0.00,0.00,0.00,0.00,Matches
Sam Morsy,eg EGY,MF,Ipswich Town,33-226,1991,28,26,"2,329",25.9,1,1,2,1,0,0,9,0,0.3,0.3,0.8,1.1,14,101,9,0.04,0.04,0.08,0.04,0.08,0.01,0.03,0.04,0.01,0.04,Matches
Sammie Szmodics,ie IRL,"FW,MF",Ipswich Town,29-212,1995,19,13,979,10.9,4,0,4,4,0,0,2,0,3.4,3.4,0.2,3.6,16,18,46,0.37,0.00,0.37,0.37,0.37,0.31,0.02,0.33,0.31,0.33,Matches
Sander Berge,no NOR,MF,Fulham,27-069,1998,26,22,"1,972",21.9,0,0,0,0,0,0,4,0,0.2,0.2,0.6,0.8,25,105,8,0.00,0.00,0.00,0.00,0.00,0.01,0.03,0.04,0.01,0.04,Matches
Sandro Tonali,it ITA,MF,Newcastle Utd,24-351,2000,31,23,"2,180",24.2,3,2,5,3,0,0,5,0,3.5,3.5,1.0,4.5,32,96,43,0.12,0.08,0.21,0.12,0.21,0.15,0.04,0.19,0.15,0.19,Matches
Santiago Bueno,uy URU,DF,Wolves,26-166,1998,26,18,"1,671",18.6,0,0,0,0,0,0,2,0,0.4,0.4,0.0,0.4,1,28,1,0.00,0.00,0.00,0.00,0.00,0.02,0.00,0.02,0.02,0.02,Matches
Saša Lukić,rs SRB,MF,Fulham,28-254,1996,26,25,"2,034",22.6,0,2,2,0,0,0,12,0,0.9,0.9,2.6,3.5,37,83,28,0.00,0.09,0.09,0.00,0.09,0.04,0.11,0.16,0.04,0.16,Matches
Sean Longstaff,eng ENG,MF,Newcastle Utd,27-176,1997,24,8,797,8.9,0,0,0,0,0,0,2,0,0.6,0.6,0.2,0.8,4,40,22,0.00,0.00,0.00,0.00,0.00,0.07,0.02,0.09,0.07,0.09,Matches
Sepp van den Berg,nl NED,DF,Brentford,23-125,2001,26,24,"2,136",23.7,0,0,0,0,0,0,2,0,1.4,1.4,0.2,1.6,8,66,27,0.00,0.00,0.00,0.00,0.00,0.06,0.01,0.07,0.06,0.07,Matches
Sergio Reguilón,es ESP,DF,Tottenham,28-129,1996,3,0,123,1.4,0,0,0,0,0,0,2,0,0.1,0.1,0.0,0.1,4,12,10,0.00,0.00,0.00,0.00,0.00,0.05,0.02,0.07,0.05,0.07,Matches
Simon Adingra,ci CIV,"FW,MF",Brighton,23-113,2002,24,8,826,9.2,2,1,3,2,0,0,0,0,2.2,2.2,1.7,3.9,30,14,105,0.22,0.11,0.33,0.22,0.33,0.23,0.19,0.42,0.23,0.42,Matches
Solly March,eng ENG,"FW,MF",Brighton,30-278,1994,7,0,106,1.2,0,0,0,0,0,0,2,0,0.1,0.1,0.3,0.3,2,1,14,0.00,0.00,0.00,0.00,0.00,0.06,0.23,0.29,0.06,0.29,Matches
Son Heung-min,kr KOR,FW,Tottenham,32-290,1992,28,23,"2,004",22.3,7,9,16,6,1,2,1,0,7.0,5.4,8.2,13.7,87,104,259,0.31,0.40,0.72,0.27,0.67,0.31,0.37,0.68,0.24,0.61,Matches
Stefan Ortega,de GER,GK,Manchester City,32-169,1992,13,12,"1,100",12.2,0,0,0,0,0,0,1,0,0.0,0.0,0.0,0.0,0,0,0,0.00,0.00,0.00,0.00,0.00,0.00,0.00,0.00,0.00,0.00,Matches
Stephy Mavididi,eng ENG,FW,Leicester City,26-328,1998,30,16,"1,615",17.9,4,1,5,4,0,0,2,0,1.8,1.8,2.6,4.4,91,57,138,0.22,0.06,0.28,0.22,0.28,0.10,0.15,0.25,0.10,0.25,Matches
Sven Botman,nl NED,DF,Newcastle Utd,25-102,2000,3,3,224,2.5,0,0,0,0,0,0,1,0,0.0,0.0,0.0,0.0,0,3,0,0.00,0.00,0.00,0.00,0.00,0.01,0.00,0.01,0.01,0.01,Matches
Sávio,br BRA,"FW,MF",Manchester City,21-014,2004,27,21,"1,734",19.3,1,8,9,1,0,0,3,0,4.9,4.9,6.8,11.6,133,66,239,0.05,0.42,0.47,0.05,0.47,0.25,0.35,0.60,0.25,0.60,Matches
Séamus Coleman,ie IRL,DF,Everton,36-195,1988,3,2,197,2.2,0,0,0,0,0,0,1,0,0.6,0.6,0.0,0.6,1,8,2,0.00,0.00,0.00,0.00,0.00,0.26,0.00,0.26,0.26,0.26,Matches
Taiwo Awoniyi,ng NGA,FW,Nott'ham Forest,27-255,1997,24,3,378,4.2,1,0,1,1,0,0,0,0,2.1,2.1,0.1,2.2,6,7,19,0.24,0.00,0.24,0.24,0.24,0.50,0.03,0.53,0.50,0.53,Matches
Tariq Lamptey,gh GHA,DF,Brighton,24-206,2000,13,9,765,8.5,2,2,4,2,0,0,0,0,0.4,0.4,0.8,1.2,25,12,40,0.24,0.24,0.47,0.24,0.47,0.05,0.09,0.14,0.05,0.14,Matches
Taylor Harwood-Bellis,eng ENG,DF,Southampton,23-084,2002,30,28,"2,474",27.5,1,0,1,1,0,0,8,0,1.7,1.7,1.0,2.7,28,112,8,0.04,0.00,0.04,0.04,0.04,0.06,0.04,0.10,0.06,0.10,Matches
Thiago,br BRA,FW,Brentford,23-302,2001,4,1,132,1.5,0,0,0,0,0,0,0,0,0.1,0.1,0.1,0.2,3,2,4,0.00,0.00,0.00,0.00,0.00,0.07,0.05,0.11,0.07,0.11,Matches
Thomas Partey,gh GHA,"MF,DF",Arsenal,31-315,1993,31,27,"2,437",27.1,4,2,6,4,0,0,4,0,2.0,2.0,1.9,4.0,31,165,45,0.15,0.07,0.22,0.15,0.22,0.07,0.07,0.15,0.07,0.15,Matches
Tim Iroegbunam,eng ENG,MF,Everton,21-298,2003,16,5,566,6.3,0,1,1,0,0,0,4,0,0.2,0.2,0.2,0.4,8,14,9,0.00,0.16,0.16,0.00,0.16,0.04,0.03,0.07,0.04,0.07,Matches
Timo Werner,de GER,"FW,MF",Tottenham,29-049,1996,18,4,516,5.7,0,3,3,0,0,0,0,0,1.0,1.0,2.5,3.5,42,30,89,0.00,0.52,0.52,0.00,0.52,0.17,0.44,0.61,0.17,0.61,Matches
Timothy Castagne,be BEL,DF,Fulham,29-140,1995,23,17,"1,625",18.1,0,1,1,0,0,0,1,0,0.4,0.4,1.2,1.6,17,61,67,0.00,0.06,0.06,0.00,0.06,0.02,0.07,0.09,0.02,0.09,Matches
Toby Collyer,eng ENG,MF,Manchester Utd,21-111,2004,6,0,179,2.0,0,0,0,0,0,0,0,0,0.2,0.2,0.3,0.4,0,5,2,0.00,0.00,0.00,0.00,0.00,0.09,0.13,0.22,0.09,0.22,Matches
Tom Cairney,sct SCO,MF,Fulham,34-094,1991,21,2,489,5.4,1,0,1,1,0,0,3,1,0.2,0.2,0.8,1.0,13,47,29,0.18,0.00,0.18,0.18,0.18,0.04,0.14,0.18,0.04,0.18,Matches
Tommy Doyle,eng ENG,MF,Wolves,23-189,2001,24,3,488,5.4,0,1,1,0,0,0,1,0,0.6,0.6,0.5,1.1,6,40,4,0.00,0.18,0.18,0.00,0.18,0.10,0.09,0.20,0.10,0.20,Matches
Tomáš Souček,cz CZE,MF,West Ham,30-056,1995,30,25,"2,161",24.0,7,1,8,7,0,0,8,0,5.3,5.3,1.0,6.3,6,66,58,0.29,0.04,0.33,0.29,0.33,0.22,0.04,0.26,0.22,0.26,Matches
Tosin Adarabioyo,eng ENG,DF,Chelsea,27-212,1997,20,13,"1,229",13.7,1,1,2,1,0,0,3,0,0.9,0.9,0.2,1.1,5,37,1,0.07,0.07,0.15,0.07,0.15,0.07,0.02,0.08,0.07,0.08,Matches
Toti Gomes,pt POR,DF,Wolves,26-098,1999,26,25,"2,164",24.0,0,1,1,0,0,0,5,0,0.7,0.7,0.9,1.6,21,64,12,0.00,0.04,0.04,0.00,0.04,0.03,0.04,0.07,0.03,0.07,Matches
Trent Alexander-Arnold,eng ENG,DF,Liverpool,26-199,1998,29,26,"2,165",24.1,3,6,9,3,0,0,5,0,1.6,1.6,6.7,8.3,48,204,87,0.12,0.25,0.37,0.12,0.37,0.07,0.28,0.34,0.07,0.34,Matches
Trevoh Chalobah,eng ENG,DF,Crystal Palace,25-293,1999,12,12,"1,060",11.8,3,0,3,3,0,0,1,0,1.2,1.2,0.4,1.6,11,34,6,0.25,0.00,0.25,0.25,0.25,0.10,0.03,0.14,0.10,0.14,Matches
Trevoh Chalobah,eng ENG,DF,Chelsea,25-293,1999,10,8,656,7.3,0,1,1,0,0,0,1,0,0.7,0.7,1.2,1.9,3,29,2,0.00,0.14,0.14,0.00,0.14,0.10,0.16,0.26,0.10,0.26,Matches
Tyler Adams,us USA,MF,Bournemouth,26-069,1999,23,16,"1,530",17.0,0,3,3,0,0,0,6,0,1.6,1.6,0.8,2.4,12,61,7,0.00,0.18,0.18,0.00,0.18,0.09,0.05,0.14,0.09,0.14,Matches
Tyler Dibling,eng ENG,"FW,MF",Southampton,19-043,2006,29,18,"1,684",18.7,2,0,2,2,0,0,6,0,2.5,2.5,1.5,4.1,67,59,90,0.11,0.00,0.11,0.11,0.11,0.14,0.08,0.22,0.14,0.22,Matches
Tyrell Malacia,nl NED,DF,Manchester Utd,25-250,1999,3,2,100,1.1,0,0,0,0,0,0,1,0,0.0,0.0,0.0,0.0,3,3,6,0.00,0.00,0.00,0.00,0.00,0.00,0.03,0.03,0.00,0.03,Matches
Tyrick Mitchell,eng ENG,DF,Crystal Palace,25-235,1999,34,34,"2,852",31.7,0,4,4,0,0,0,2,0,1.2,1.2,5.6,6.8,56,62,160,0.00,0.13,0.13,0.00,0.13,0.04,0.18,0.22,0.04,0.22,Matches
Tyrique George,eng ENG,FW,Chelsea,19-079,2006,6,0,102,1.1,1,1,2,1,0,0,1,0,0.2,0.2,0.7,0.9,9,2,17,0.88,0.88,1.76,0.88,1.76,0.18,0.63,0.81,0.18,0.81,Matches
Tyrone Mings,eng ENG,DF,Aston Villa,32-042,1993,13,11,"1,051",11.7,0,0,0,0,0,0,1,0,0.8,0.8,0.2,1.0,6,39,0,0.00,0.00,0.00,0.00,0.00,0.07,0.02,0.09,0.07,0.09,Matches
Valentino Livramento,eng ENG,DF,Newcastle Utd,22-163,2002,32,27,"2,390",26.6,0,1,1,0,0,0,1,0,0.2,0.2,2.3,2.6,68,129,85,0.00,0.04,0.04,0.00,0.04,0.01,0.09,0.10,0.01,0.10,Matches
Victor Bernth Kristiansen,dk DEN,DF,Leicester City,22-129,2002,28,28,"2,380",26.4,0,1,1,0,0,0,1,0,0.3,0.3,1.4,1.7,39,69,75,0.00,0.04,0.04,0.00,0.04,0.01,0.05,0.06,0.01,0.06,Matches
Victor Lindelöf,se SWE,DF,Manchester Utd,30-281,1994,11,4,445,4.9,0,0,0,0,0,0,1,0,0.0,0.0,0.1,0.1,1,7,1,0.00,0.00,0.00,0.00,0.00,0.00,0.02,0.02,0.00,0.02,Matches
Virgil van Dijk,nl NED,DF,Liverpool,33-290,1991,33,33,"2,970",33.0,2,1,3,2,0,0,3,0,1.9,1.9,0.7,2.6,18,172,6,0.06,0.03,0.09,0.06,0.09,0.06,0.02,0.08,0.06,0.08,Matches
Vitaliy Mykolenko,ua UKR,DF,Everton,25-330,1999,30,30,"2,632",29.2,0,1,1,0,0,0,2,0,0.4,0.4,1.5,1.9,29,99,75,0.00,0.03,0.03,0.00,0.03,0.01,0.05,0.07,0.01,0.07,Matches
Vitaly Janelt,de GER,MF,Brentford,26-349,1998,32,27,"2,254",25.0,1,3,4,1,0,0,3,0,0.8,0.8,2.2,3.0,17,80,38,0.04,0.12,0.16,0.04,0.16,0.03,0.09,0.12,0.03,0.12,Matches
Vladimír Coufal,cz CZE,DF,West Ham,32-245,1992,17,9,860,9.6,0,0,0,0,0,0,4,0,0.2,0.2,0.6,0.8,14,32,24,0.00,0.00,0.00,0.00,0.00,0.02,0.06,0.09,0.02,0.09,Matches
Wataru Endo,jp JPN,MF,Liverpool,32-074,1993,16,0,154,1.7,0,0,0,0,0,0,0,0,0.0,0.0,0.0,0.0,0,9,1,0.00,0.00,0.00,0.00,0.00,0.00,0.01,0.01,0.00,0.01,Matches
Welington,br BRA,"DF,MF",Southampton,24-064,2001,7,3,215,2.4,0,0,0,0,0,0,1,0,0.0,0.0,0.0,0.1,3,6,10,0.00,0.00,0.00,0.00,0.00,0.02,0.01,0.03,0.02,0.03,Matches
Wes Burns,wls WAL,"FW,DF",Ipswich Town,30-152,1994,18,12,926,10.3,0,1,1,0,0,0,1,0,0.5,0.5,1.6,2.2,38,8,65,0.00,0.10,0.10,0.00,0.10,0.05,0.16,0.21,0.05,0.21,Matches
Wesley Fofana,fr FRA,DF,Chelsea,24-128,2000,14,14,"1,172",13.0,0,0,0,0,0,0,7,0,0.4,0.4,0.4,0.8,19,32,4,0.00,0.00,0.00,0.00,0.00,0.03,0.03,0.07,0.03,0.06,Matches
Wilfred Ndidi,ng NGA,MF,Leicester City,28-129,1996,24,24,"1,967",21.9,0,4,4,0,0,0,7,0,1.8,1.8,1.8,3.6,14,59,72,0.00,0.18,0.18,0.00,0.18,0.08,0.08,0.17,0.08,0.17,Matches
Will Hughes,eng ENG,MF,Crystal Palace,30-007,1995,29,21,"1,869",20.8,0,3,3,0,0,0,11,0,1.0,1.0,2.7,3.7,18,82,24,0.00,0.14,0.14,0.00,0.14,0.05,0.13,0.18,0.05,0.18,Matches
William Saliba,fr FRA,DF,Arsenal,24-031,2001,32,32,"2,814",31.3,2,0,2,2,0,0,2,1,2.3,2.3,0.9,3.1,16,134,6,0.06,0.00,0.06,0.06,0.06,0.07,0.03,0.10,0.07,0.10,Matches
William Smallbone,ie IRL,MF,Southampton,25-062,2000,14,6,612,6.8,1,0,1,1,0,0,1,0,0.4,0.4,0.6,1.1,5,23,21,0.15,0.00,0.15,0.15,0.15,0.06,0.09,0.16,0.06,0.16,Matches
Willian,br BRA,"MF,FW",Fulham,36-258,1988,7,1,161,1.8,0,0,0,0,0,0,0,0,0.1,0.1,0.2,0.4,5,27,17,0.00,0.00,0.00,0.00,0.00,0.07,0.13,0.20,0.07,0.20,Matches
Willy Boly,ci CIV,DF,Nott'ham Forest,34-080,1991,6,1,150,1.7,0,0,0,0,0,0,1,0,0.1,0.1,0.0,0.1,0,2,0,0.00,0.00,0.00,0.00,0.00,0.04,0.00,0.04,0.04,0.04,Matches
Wilson Odobert,fr FRA,FW,Tottenham,20-147,2004,11,6,516,5.7,0,0,0,0,0,0,0,0,0.7,0.7,0.9,1.6,36,19,52,0.00,0.00,0.00,0.00,0.00,0.12,0.16,0.28,0.12,0.28,Matches
Wout Faes,be BEL,DF,Leicester City,27-021,1998,29,25,"2,365",26.3,1,0,1,1,0,0,3,0,1.4,1.4,0.1,1.5,12,72,1,0.04,0.00,0.04,0.04,0.04,0.05,0.00,0.06,0.05,0.06,Matches
Woyo Coulibaly,fr FRA,DF,Leicester City,25-339,1999,4,1,109,1.2,0,0,0,0,0,0,1,0,0.0,0.0,0.0,0.0,4,3,2,0.00,0.00,0.00,0.00,0.00,0.04,0.00,0.04,0.04,0.04,Matches
Yankuba Minteh,gm GAM,"FW,MF",Brighton,20-276,2004,27,16,"1,470",16.3,5,4,9,5,0,0,6,0,3.7,3.7,4.7,8.4,63,35,154,0.31,0.24,0.55,0.31,0.55,0.23,0.29,0.52,0.23,0.52,Matches
Yasin Ayari,se SWE,MF,Brighton,21-200,2003,29,18,"1,647",18.3,0,1,1,0,0,0,3,0,2.2,2.2,2.1,4.3,27,65,56,0.00,0.05,0.05,0.00,0.05,0.12,0.12,0.23,0.12,0.23,Matches
Yehor Yarmoliuk,ua UKR,MF,Brentford,21-054,2004,26,10,"1,039",11.5,0,0,0,0,0,0,4,0,0.6,0.6,0.3,0.9,12,45,42,0.00,0.00,0.00,0.00,0.00,0.05,0.02,0.08,0.05,0.08,Matches
Yerson Mosquera,co COL,DF,Wolves,23-357,2001,5,5,441,4.9,0,0,0,0,0,0,2,0,0.3,0.3,0.1,0.4,0,7,0,0.00,0.00,0.00,0.00,0.00,0.07,0.02,0.09,0.07,0.09,Matches
Yoane Wissa,cd COD,FW,Brentford,28-233,1996,30,29,"2,470",27.4,16,3,19,16,0,0,2,0,14.9,14.9,1.8,16.7,48,56,131,0.58,0.11,0.69,0.58,0.69,0.54,0.07,0.61,0.54,0.61,Matches
Youri Tielemans,be BEL,MF,Aston Villa,27-352,1997,34,34,"2,915",32.4,2,7,9,2,0,1,4,0,3.0,2.3,6.9,9.2,37,226,44,0.06,0.22,0.28,0.06,0.28,0.09,0.21,0.31,0.07,0.28,Matches
Yukinari Sugawara,jp JPN,"DF,MF",Southampton,24-300,2000,29,15,"1,467",16.3,1,1,2,1,0,0,4,0,0.5,0.5,2.2,2.7,32,68,76,0.06,0.06,0.12,0.06,0.12,0.03,0.14,0.17,0.03,0.17,Matches
Yves Bissouma,ml MLI,MF,Tottenham,28-237,1996,24,15,"1,210",13.4,2,0,2,2,0,0,7,0,0.6,0.6,0.3,0.9,15,71,3,0.15,0.00,0.15,0.15,0.15,0.04,0.02,0.06,0.04,0.06,Matches
Álex Moreno,es ESP,"DF,MF",Nott'ham Forest,31-320,1993,15,11,955,10.6,0,1,1,0,0,0,2,0,0.2,0.2,1.3,1.4,26,34,34,0.00,0.09,0.09,0.00,0.09,0.02,0.12,0.13,0.02,0.13,Matches
İlkay Gündoğan,de GER,MF,Manchester City,34-182,1990,30,22,"1,967",21.9,0,5,5,0,0,0,1,0,2.7,2.7,2.7,5.5,55,113,81,0.00,0.23,0.23,0.00,0.23,0.13,0.12,0.25,0.13,0.25,Matches
Łukasz Fabiański,pl POL,GK,West Ham,40-006,1985,13,12,"1,070",11.9,0,0,0,0,0,0,2,0,0.0,0.0,0.0,0.0,0,0,0,0.00,0.00,0.00,0.00,0.00,0.00,0.00,0.00,0.00,0.00,Matches
