Player,Nation,Pos,Squad,Age,birth_year,MP,Starts,Min,90s,Gls,Ast,G+A,G-PK,PK,PKatt,CrdY,CrdR,xG,npxG,xAG,npxG+xAG,PrgC,PrgP,PrgR,Gls,Ast,G+A,G-PK,G+A-PK,xG,xAG,xG+xAG,npxG,npxG+xAG,Matches
Aaron Cresswell,eng ENG,DF,West Ham,35-112,1989,14,7,589,6.5,0,0,0,0,0,0,2,0,0.1,0.1,1.1,1.3,4,24,2,0.00,0.00,0.00,0.00,0.00,0.02,0.17,0.19,0.02,0.19,Matches
Aaron Ramsdale,eng ENG,GK,Southampton,26-327,1998,22,22,"1,980",22.0,0,0,0,0,0,0,2,0,0.0,0.0,0.0,0.0,0,0,0,0.00,0.00,0.00,0.00,0.00,0.00,0.00,0.00,0.00,0.00,Matches
Aaron Wan-Bissaka,eng ENG,DF,West Ham,27-131,1997,30,29,"2,614",29.0,2,2,4,2,0,0,1,0,1.0,1.0,2.5,3.5,91,116,126,0.07,0.07,0.14,0.07,0.14,0.03,0.09,0.12,0.03,0.12,Matches
Abdoulaye Doucouré,ml MLI,MF,Everton,32-095,1993,27,26,"2,155",23.9,2,1,3,2,0,0,4,1,3.2,3.2,2.0,5.3,35,67,80,0.08,0.04,0.13,0.08,0.13,0.13,0.09,0.22,0.13,0.22,Matches
Abdukodir Khusanov,uz UZB,DF,Manchester City,21-036,2004,6,6,503,5.6,0,0,0,0,0,0,1,0,0.0,0.0,0.1,0.1,1,25,2,0.00,0.00,0.00,0.00,0.00,0.00,0.02,0.02,0.00,0.02,Matches
Abdul Fatawu Issahaku,gh GHA,FW,Leicester City,21-029,2004,11,6,579,6.4,0,2,2,0,0,0,0,0,0.4,0.4,1.6,2.0,42,17,60,0.00,0.31,0.31,0.00,0.31,0.06,0.24,0.31,0.06,0.31,Matches
Adam Armstrong,eng ENG,"FW,MF",Southampton,28-055,1997,20,15,"1,248",13.9,2,2,4,2,0,1,4,0,3.3,2.3,1.2,3.5,25,21,79,0.14,0.14,0.29,0.14,0.29,0.24,0.09,0.32,0.17,0.25,Matches
Adam Lallana,eng ENG,MF,Southampton,36-331,1988,14,5,361,4.0,0,2,2,0,0,0,4,0,0.2,0.2,0.9,1.1,6,24,10,0.00,0.50,0.50,0.00,0.50,0.04,0.23,0.27,0.04,0.27,Matches
Adam Smith,eng ENG,DF,Bournemouth,33-342,1991,19,14,"1,146",12.7,0,0,0,0,0,0,5,0,0.6,0.6,0.2,0.8,10,33,19,0.00,0.00,0.00,0.00,0.00,0.05,0.01,0.06,0.05,0.06,Matches
Adam Webster,eng ENG,DF,Brighton,30-092,1995,11,8,617,6.9,0,0,0,0,0,0,0,0,0.0,0.0,0.5,0.5,7,40,2,0.00,0.00,0.00,0.00,0.00,0.00,0.07,0.08,0.00,0.08,Matches
Adam Wharton,eng ENG,MF,Crystal Palace,20-308,2004,15,12,"1,009",11.2,0,0,0,0,0,0,2,0,0.3,0.3,2.3,2.6,10,99,10,0.00,0.00,0.00,0.00,0.00,0.02,0.20,0.23,0.02,0.23,Matches
Adama Traoré,es ESP,"FW,MF",Fulham,29-071,1996,28,16,"1,473",16.4,2,5,7,2,0,0,2,0,3.8,3.8,4.1,7.8,80,55,135,0.12,0.31,0.43,0.12,0.43,0.23,0.25,0.48,0.23,0.48,Matches
Albert Grønbaek,dk DEN,"FW,MF",Southampton,23-318,2001,4,2,143,1.6,0,0,0,0,0,0,0,0,0.1,0.1,0.0,0.1,1,1,3,0.00,0.00,0.00,0.00,0.00,0.07,0.01,0.08,0.07,0.08,Matches
Alejandro Garnacho,ar ARG,"MF,FW",Manchester Utd,20-279,2004,29,18,"1,732",19.2,4,1,5,4,0,0,2,0,6.0,6.0,2.8,8.8,108,45,234,0.21,0.05,0.26,0.21,0.26,0.31,0.14,0.46,0.31,0.46,Matches
Alex Iwobi,ng NGA,"FW,MF",Fulham,28-338,1996,30,28,"2,382",26.5,7,4,11,7,0,0,1,0,3.9,3.9,6.1,10.0,113,168,199,0.26,0.15,0.42,0.26,0.42,0.15,0.23,0.38,0.15,0.38,Matches
Alex McCarthy,eng ENG,GK,Southampton,35-124,1989,5,5,450,5.0,0,0,0,0,0,0,0,0,0.0,0.0,0.0,0.0,0,0,0,0.00,0.00,0.00,0.00,0.00,0.00,0.00,0.00,0.00,0.00,Matches
Alex Palmer,eng ENG,GK,Ipswich Town,28-239,1996,7,7,630,7.0,0,0,0,0,0,0,1,0,0.0,0.0,0.0,0.0,0,1,0,0.00,0.00,0.00,0.00,0.00,0.00,0.00,0.00,0.00,0.00,Matches
Alex Scott,eng ENG,MF,Bournemouth,21-228,2003,14,4,503,5.6,0,0,0,0,0,0,1,0,0.5,0.5,0.3,0.8,9,46,22,0.00,0.00,0.00,0.00,0.00,0.09,0.05,0.14,0.09,0.14,Matches
Alexander Isak,se SWE,FW,Newcastle Utd,25-197,1999,26,26,"2,117",23.5,20,5,25,18,2,2,1,0,16.1,14.5,3.8,18.3,67,65,169,0.85,0.21,1.06,0.77,0.98,0.69,0.16,0.85,0.62,0.78,Matches
Alexis Mac Allister,ar ARG,MF,Liverpool,26-103,1998,29,26,"2,201",24.5,3,3,6,3,0,0,6,0,2.3,2.3,4.1,6.4,30,152,62,0.12,0.12,0.25,0.12,0.25,0.10,0.17,0.26,0.10,0.26,Matches
Ali Al Hamadi,iq IRQ,FW,Ipswich Town,23-036,2002,11,0,134,1.5,0,0,0,0,0,0,3,0,0.4,0.4,0.1,0.4,4,3,14,0.00,0.00,0.00,0.00,0.00,0.24,0.05,0.28,0.24,0.28,Matches
Alisson,br BRA,GK,Liverpool,32-186,1992,21,21,"1,878",20.9,0,0,0,0,0,0,0,0,0.0,0.0,0.6,0.6,0,0,0,0.00,0.00,0.00,0.00,0.00,0.00,0.03,0.03,0.00,0.03,Matches
Alphonse Areola,fr FRA,GK,West Ham,32-038,1993,20,19,"1,720",19.1,0,0,0,0,0,0,0,0,0.0,0.0,0.0,0.0,0,0,0,0.00,0.00,0.00,0.00,0.00,0.00,0.00,0.00,0.00,0.00,Matches
Amad Diallo,ci CIV,"FW,MF",Manchester Utd,22-269,2002,22,17,"1,594",17.7,6,6,12,6,0,0,3,0,4.1,4.1,3.9,8.0,92,53,159,0.34,0.34,0.68,0.34,0.68,0.23,0.22,0.45,0.23,0.45,Matches
Amadou Onana,be BEL,MF,Aston Villa,23-233,2001,19,15,"1,166",13.0,2,0,2,2,0,0,4,0,1.8,1.8,0.2,2.0,15,44,11,0.15,0.00,0.15,0.15,0.15,0.14,0.01,0.16,0.14,0.16,Matches
Andreas Pereira,br BRA,MF,Fulham,29-095,1996,27,19,"1,601",17.8,2,4,6,2,0,1,7,0,3.3,2.5,3.7,6.2,21,94,68,0.11,0.22,0.34,0.11,0.34,0.19,0.21,0.40,0.14,0.35,Matches
Andrew Robertson,sct SCO,DF,Liverpool,31-026,1994,28,25,"2,106",23.4,0,0,0,0,0,0,3,1,0.9,0.9,4.1,5.1,54,158,87,0.00,0.00,0.00,0.00,0.00,0.04,0.18,0.22,0.04,0.22,Matches
André,br BRA,MF,Wolves,23-264,2001,26,24,"1,907",21.2,0,0,0,0,0,0,6,0,0.3,0.3,0.6,0.9,7,83,11,0.00,0.00,0.00,0.00,0.00,0.01,0.03,0.04,0.01,0.04,Matches
André Onana,cm CMR,GK,Manchester Utd,29-004,1996,30,30,"2,700",30.0,0,0,0,0,0,0,0,0,0.0,0.0,0.2,0.2,0,1,0,0.00,0.00,0.00,0.00,0.00,0.00,0.01,0.01,0.00,0.01,Matches
Andrés García,es ESP,"DF,MF",Aston Villa,22-058,2003,6,5,312,3.5,0,0,0,0,0,0,0,0,0.0,0.0,0.2,0.2,25,15,27,0.00,0.00,0.00,0.00,0.00,0.01,0.05,0.06,0.01,0.06,Matches
Andy Irving,sct SCO,MF,West Ham,24-328,2000,10,1,166,1.8,0,0,0,0,0,0,2,0,0.1,0.1,0.2,0.4,0,9,4,0.00,0.00,0.00,0.00,0.00,0.06,0.13,0.19,0.06,0.19,Matches
Anthony Elanga,se SWE,FW,Nott'ham Forest,22-344,2002,31,25,"1,975",21.9,6,8,14,6,0,0,1,0,3.9,3.9,4.3,8.2,80,46,161,0.27,0.36,0.64,0.27,0.64,0.18,0.20,0.38,0.18,0.38,Matches
Anthony Gordon,eng ENG,FW,Newcastle Utd,24-041,2001,26,25,"2,108",23.4,6,5,11,5,1,2,2,0,7.8,6.3,4.9,11.2,104,88,187,0.26,0.21,0.47,0.21,0.43,0.34,0.21,0.54,0.27,0.48,Matches
Antoine Semenyo,gh GHA,FW,Bournemouth,25-089,2000,30,30,"2,645",29.4,7,4,11,7,0,0,9,0,8.9,8.9,5.2,14.2,124,93,242,0.24,0.14,0.37,0.24,0.37,0.30,0.18,0.48,0.30,0.48,Matches
Antonee Robinson,us USA,DF,Fulham,27-241,1997,30,29,"2,629",29.2,0,10,10,0,0,0,7,0,0.7,0.7,4.0,4.7,102,105,237,0.00,0.34,0.34,0.00,0.34,0.02,0.14,0.16,0.02,0.16,Matches
Antony,br BRA,"DF,MF",Manchester Utd,25-041,2000,8,0,141,1.6,0,0,0,0,0,0,0,0,1.0,1.0,0.1,1.1,5,6,7,0.00,0.00,0.00,0.00,0.00,0.65,0.08,0.73,0.65,0.73,Matches
Antonín Kinský,cz CZE,GK,Tottenham,22-024,2003,4,4,360,4.0,0,0,0,0,0,0,0,0,0.0,0.0,0.1,0.1,1,1,0,0.00,0.00,0.00,0.00,0.00,0.00,0.02,0.02,0.00,0.02,Matches
Archie Gray,eng ENG,"DF,MF",Tottenham,19-025,2006,21,13,"1,245",13.8,0,0,0,0,0,0,0,0,0.0,0.0,0.1,0.1,4,27,7,0.00,0.00,0.00,0.00,0.00,0.00,0.01,0.01,0.00,0.01,Matches
Arijanet Muric,xk KVX,GK,Ipswich Town,26-150,1998,18,18,"1,620",18.0,0,0,0,0,0,0,1,0,0.0,0.0,0.0,0.0,0,1,0,0.00,0.00,0.00,0.00,0.00,0.00,0.00,0.00,0.00,0.00,Matches
Armando Broja,al ALB,FW,Everton,23-208,2001,8,2,209,2.3,0,0,0,0,0,0,1,0,0.1,0.1,0.1,0.2,10,2,18,0.00,0.00,0.00,0.00,0.00,0.05,0.05,0.10,0.05,0.10,Matches
Armel Bella Kotchap,de GER,DF,Southampton,23-116,2001,4,2,331,3.7,0,0,0,0,0,0,0,0,0.3,0.3,0.0,0.3,0,5,0,0.00,0.00,0.00,0.00,0.00,0.09,0.00,0.09,0.09,0.09,Matches
Ashley Young,eng ENG,"DF,FW",Everton,39-271,1985,27,17,"1,586",17.6,1,3,4,1,0,0,6,1,0.3,0.3,1.6,1.8,19,81,25,0.06,0.17,0.23,0.06,0.23,0.02,0.09,0.10,0.02,0.10,Matches
Axel Disasi,fr FRA,DF,Chelsea,27-026,1998,6,4,364,4.0,1,0,1,1,0,0,1,0,0.3,0.3,0.1,0.4,6,16,2,0.25,0.00,0.25,0.25,0.25,0.07,0.02,0.09,0.07,0.09,Matches
Axel Disasi,fr FRA,DF,Aston Villa,27-026,1998,6,5,460,5.1,0,0,0,0,0,0,2,0,0.1,0.1,0.4,0.5,10,15,5,0.00,0.00,0.00,0.00,0.00,0.02,0.08,0.09,0.02,0.09,Matches
Axel Tuanzebe,cd COD,DF,Ipswich Town,27-143,1997,16,15,"1,265",14.1,0,1,1,0,0,0,5,1,0.2,0.2,0.3,0.5,8,45,7,0.00,0.07,0.07,0.00,0.07,0.01,0.02,0.03,0.01,0.03,Matches
Ayden Heaven,eng ENG,DF,Manchester Utd,18-196,2006,2,1,95,1.1,0,0,0,0,0,0,0,0,0.0,0.0,0.0,0.0,1,2,1,0.00,0.00,0.00,0.00,0.00,0.00,0.00,0.00,0.00,0.00,Matches
Bart Verbruggen,nl NED,GK,Brighton,22-231,2002,29,29,"2,610",29.0,0,1,1,0,0,0,5,0,0.0,0.0,0.0,0.0,0,2,0,0.00,0.03,0.03,0.00,0.03,0.00,0.00,0.00,0.00,0.00,Matches
Ben Brereton,cl CHI,FW,Southampton,25-353,1999,10,4,449,5.0,0,0,0,0,0,0,1,0,0.9,0.9,0.1,1.0,12,9,42,0.00,0.00,0.00,0.00,0.00,0.18,0.02,0.20,0.18,0.20,Matches
Ben Chilwell,eng ENG,DF,Crystal Palace,28-106,1996,5,0,111,1.2,0,0,0,0,0,0,1,0,0.1,0.1,0.2,0.3,1,3,7,0.00,0.00,0.00,0.00,0.00,0.06,0.16,0.22,0.06,0.22,Matches
Ben Davies,wls WAL,DF,Tottenham,31-347,1993,9,8,721,8.0,0,0,0,0,0,0,2,0,0.2,0.2,0.1,0.2,6,34,4,0.00,0.00,0.00,0.00,0.00,0.02,0.01,0.03,0.02,0.03,Matches
Ben Godfrey,eng ENG,DF,Ipswich Town,27-081,1998,2,2,108,1.2,0,0,0,0,0,0,1,0,0.0,0.0,0.0,0.0,2,4,1,0.00,0.00,0.00,0.00,0.00,0.00,0.00,0.00,0.00,0.00,Matches
Ben Johnson,eng ENG,"DF,FW",Ipswich Town,25-072,2000,19,11,"1,132",12.6,0,1,1,0,0,0,3,0,0.9,0.9,0.6,1.5,15,22,27,0.00,0.08,0.08,0.00,0.08,0.07,0.05,0.12,0.07,0.12,Matches
Ben Mee,eng ENG,DF,Brentford,35-197,1989,7,2,183,2.0,0,0,0,0,0,0,2,0,0.0,0.0,0.0,0.0,3,11,2,0.00,0.00,0.00,0.00,0.00,0.00,0.00,0.00,0.00,0.00,Matches
Ben White,eng ENG,DF,Arsenal,27-180,1997,12,8,766,8.5,0,1,1,0,0,0,2,0,0.4,0.4,0.7,1.1,5,34,19,0.00,0.12,0.12,0.00,0.12,0.04,0.08,0.13,0.04,0.13,Matches
Benoît Badiashile,fr FRA,DF,Chelsea,24-011,2001,5,3,334,3.7,0,0,0,0,0,0,0,0,0.0,0.0,0.0,0.0,3,17,2,0.00,0.00,0.00,0.00,0.00,0.00,0.00,0.00,0.00,0.00,Matches
Bernardo Silva,pt POR,"MF,FW",Manchester City,30-239,1994,26,22,"2,041",22.7,2,4,6,2,0,0,5,0,3.0,3.0,4.2,7.2,82,97,169,0.09,0.18,0.26,0.09,0.26,0.13,0.18,0.32,0.13,0.32,Matches
Bernd Leno,de GER,GK,Fulham,33-033,1992,30,30,"2,700",30.0,0,1,1,0,0,0,3,0,0.0,0.0,0.1,0.1,0,0,0,0.00,0.03,0.03,0.00,0.03,0.00,0.00,0.00,0.00,0.00,Matches
Beto,gw GNB,FW,Everton,27-065,1998,23,10,"1,074",11.9,6,0,6,6,0,0,2,0,6.1,6.1,0.7,6.7,12,8,54,0.50,0.00,0.50,0.50,0.50,0.51,0.06,0.56,0.51,0.56,Matches
Bilal El Khannouss,ma MAR,MF,Leicester City,20-331,2004,25,20,"1,585",17.6,2,1,3,2,0,0,3,0,0.7,0.7,2.3,2.9,51,99,67,0.11,0.06,0.17,0.11,0.17,0.04,0.13,0.17,0.04,0.17,Matches
Billy Gilmour,sct SCO,MF,Brighton,23-299,2001,2,1,98,1.1,0,0,0,0,0,0,0,0,0.1,0.1,0.0,0.1,2,11,2,0.00,0.00,0.00,0.00,0.00,0.07,0.00,0.07,0.07,0.07,Matches
Bobby Reid,jm JAM,"FW,MF",Leicester City,32-063,1993,20,7,639,7.1,1,2,3,1,0,0,2,0,0.8,0.8,1.2,2.0,12,14,40,0.14,0.28,0.42,0.14,0.42,0.11,0.17,0.27,0.11,0.27,Matches
Boubacar Kamara,fr FRA,MF,Aston Villa,25-134,1999,19,14,"1,200",13.3,0,0,0,0,0,0,2,0,0.3,0.3,0.4,0.8,16,66,5,0.00,0.00,0.00,0.00,0.00,0.03,0.03,0.06,0.03,0.06,Matches
Boubakary Soumaré,fr FRA,MF,Leicester City,26-038,1999,23,19,"1,638",18.2,0,0,0,0,0,0,8,0,0.2,0.2,0.4,0.6,29,79,20,0.00,0.00,0.00,0.00,0.00,0.01,0.02,0.03,0.01,0.03,Matches
Brajan Gruda,de GER,"FW,MF",Brighton,20-310,2004,15,6,489,5.4,0,1,1,0,0,0,0,0,0.3,0.3,0.7,1.0,15,17,45,0.00,0.18,0.18,0.00,0.18,0.05,0.13,0.18,0.05,0.18,Matches
Brennan Johnson,wls WAL,FW,Tottenham,23-318,2001,27,20,"1,789",19.9,9,2,11,9,0,0,5,0,9.2,9.2,2.0,11.2,53,59,171,0.45,0.10,0.55,0.45,0.55,0.46,0.10,0.56,0.46,0.56,Matches
Bruno Fernandes,pt POR,MF,Manchester Utd,30-210,1994,29,29,"2,465",27.4,8,9,17,5,3,3,4,2,8.7,6.3,6.4,12.7,59,242,110,0.29,0.33,0.62,0.18,0.51,0.32,0.23,0.55,0.23,0.46,Matches
Bruno Guimarães,br BRA,MF,Newcastle Utd,27-141,1997,29,29,"2,513",27.9,3,6,9,3,0,0,4,0,2.8,2.8,5.2,8.0,43,206,68,0.11,0.21,0.32,0.11,0.32,0.10,0.19,0.29,0.10,0.29,Matches
Bryan Mbeumo,cm CMR,FW,Brentford,25-242,1999,30,30,"2,694",29.9,16,5,21,11,5,5,2,0,9.8,5.9,6.7,12.6,101,113,281,0.53,0.17,0.70,0.37,0.53,0.33,0.22,0.55,0.20,0.42,Matches
Bukayo Saka,eng ENG,"FW,MF",Arsenal,23-213,2001,18,16,"1,338",14.9,6,10,16,5,1,1,3,0,5.2,4.4,6.0,10.4,74,54,204,0.40,0.67,1.08,0.34,1.01,0.35,0.41,0.75,0.29,0.70,Matches
Caleb Okoli,it ITA,DF,Leicester City,23-267,2001,17,11,"1,034",11.5,0,0,0,0,0,0,3,0,0.1,0.1,0.0,0.1,3,30,2,0.00,0.00,0.00,0.00,0.00,0.01,0.00,0.01,0.01,0.01,Matches
Callum Hudson-Odoi,eng ENG,FW,Nott'ham Forest,24-150,2000,26,23,"1,984",22.0,5,2,7,5,0,0,2,0,2.3,2.3,2.7,4.9,114,64,180,0.23,0.09,0.32,0.23,0.32,0.10,0.12,0.22,0.10,0.22,Matches
Callum Wilson,eng ENG,FW,Newcastle Utd,33-038,1992,9,1,188,2.1,0,0,0,0,0,0,1,0,0.3,0.3,0.1,0.4,4,3,5,0.00,0.00,0.00,0.00,0.00,0.16,0.03,0.19,0.16,0.19,Matches
Calvin Bassey,ng NGA,DF,Fulham,25-096,1999,28,27,"2,444",27.2,1,0,1,1,0,0,5,0,1.0,1.0,0.1,1.1,22,89,11,0.04,0.00,0.04,0.04,0.04,0.04,0.00,0.04,0.04,0.04,Matches
Cameron Archer,eng ENG,FW,Southampton,23-259,2001,27,11,"1,182",13.1,2,0,2,2,0,1,0,0,4.9,4.1,0.3,4.4,16,12,55,0.15,0.00,0.15,0.15,0.15,0.37,0.03,0.40,0.31,0.34,Matches
Cameron Burgess,au AUS,DF,Ipswich Town,29-167,1995,13,12,"1,125",12.5,0,1,1,0,0,0,0,0,0.7,0.7,0.5,1.2,2,36,3,0.00,0.08,0.08,0.00,0.08,0.06,0.04,0.09,0.06,0.09,Matches
Caoimhín Kelleher,ie IRL,GK,Liverpool,26-134,1998,9,9,810,9.0,0,0,0,0,0,0,0,0,0.0,0.0,0.0,0.0,0,0,0,0.00,0.00,0.00,0.00,0.00,0.00,0.00,0.00,0.00,0.00,Matches
Carlos Alcaraz,ar ARG,"MF,FW",Everton,22-127,2002,8,4,410,4.6,1,1,2,1,0,0,3,0,1.2,1.2,1.1,2.3,10,20,8,0.22,0.22,0.44,0.22,0.44,0.27,0.25,0.51,0.27,0.51,Matches
Carlos Baleba,cm CMR,MF,Brighton,21-093,2004,27,24,"2,057",22.9,2,1,3,2,0,0,8,1,3.0,3.0,1.1,4.1,34,99,26,0.09,0.04,0.13,0.09,0.13,0.13,0.05,0.18,0.13,0.18,Matches
Carlos Forbs,pt POR,"MF,FW",Wolves,21-018,2004,9,1,237,2.6,0,0,0,0,0,0,2,0,0.1,0.1,0.0,0.2,9,8,28,0.00,0.00,0.00,0.00,0.00,0.05,0.01,0.07,0.05,0.07,Matches
Carlos Soler,es ESP,"MF,FW",West Ham,28-094,1997,26,12,"1,180",13.1,1,1,2,1,0,0,5,0,1.2,1.2,1.1,2.3,13,50,24,0.08,0.08,0.15,0.08,0.15,0.09,0.08,0.18,0.09,0.18,Matches
Casemiro,br BRA,MF,Manchester Utd,33-042,1992,20,14,"1,181",13.1,1,0,1,1,0,0,3,0,1.4,1.4,2.2,3.6,4,64,25,0.08,0.00,0.08,0.08,0.08,0.11,0.17,0.28,0.11,0.28,Matches
Charlie Taylor,eng ENG,DF,Southampton,31-200,1993,7,2,266,3.0,0,0,0,0,0,0,1,0,0.0,0.0,0.1,0.1,3,8,6,0.00,0.00,0.00,0.00,0.00,0.00,0.03,0.03,0.00,0.03,Matches
Cheick Doucouré,ml MLI,MF,Crystal Palace,25-088,2000,13,4,452,5.0,0,0,0,0,0,0,1,0,0.4,0.4,0.0,0.4,2,19,7,0.00,0.00,0.00,0.00,0.00,0.08,0.00,0.08,0.08,0.08,Matches
Chiedozie Ogbene,ie IRL,FW,Ipswich Town,27-340,1997,5,3,238,2.6,0,0,0,0,0,0,0,0,0.0,0.0,0.1,0.1,7,0,15,0.00,0.00,0.00,0.00,0.00,0.00,0.03,0.03,0.00,0.03,Matches
Chris Richards,us USA,DF,Crystal Palace,25-009,2000,17,15,"1,338",14.9,0,0,0,0,0,0,2,0,0.5,0.5,0.1,0.6,5,33,1,0.00,0.00,0.00,0.00,0.00,0.03,0.01,0.04,0.03,0.04,Matches
Chris Wood,nz NZL,FW,Nott'ham Forest,33-120,1991,29,28,"2,344",26.0,18,3,21,15,3,3,1,0,11.0,8.7,1.9,10.6,13,33,72,0.69,0.12,0.81,0.58,0.69,0.42,0.07,0.50,0.33,0.41,Matches
Christian Eriksen,dk DEN,MF,Manchester Utd,33-051,1992,17,9,813,9.0,0,1,1,0,0,0,3,0,0.2,0.2,2.4,2.5,8,40,23,0.00,0.11,0.11,0.00,0.11,0.02,0.26,0.28,0.02,0.28,Matches
Christian Nørgaard,dk DEN,MF,Brentford,31-027,1994,26,26,"2,100",23.3,4,2,6,4,0,0,4,1,3.2,3.2,0.8,4.0,11,116,34,0.17,0.09,0.26,0.17,0.26,0.14,0.03,0.17,0.14,0.17,Matches
Christian Walton,eng ENG,GK,Ipswich Town,29-148,1995,6,6,540,6.0,0,0,0,0,0,0,0,0,0.0,0.0,0.0,0.0,0,0,0,0.00,0.00,0.00,0.00,0.00,0.00,0.00,0.00,0.00,0.00,Matches
Christopher Nkunku,fr FRA,FW,Chelsea,27-143,1997,25,8,872,9.7,3,2,5,3,0,0,2,0,4.7,4.6,2.0,6.6,16,25,64,0.31,0.21,0.52,0.31,0.52,0.48,0.21,0.69,0.48,0.69,Matches
Cody Gakpo,nl NED,FW,Liverpool,25-334,1999,27,16,"1,416",15.7,8,3,11,8,0,0,4,0,6.0,6.0,3.5,9.4,38,44,212,0.51,0.19,0.70,0.51,0.70,0.38,0.22,0.60,0.38,0.60,Matches
Cole Palmer,eng ENG,MF,Chelsea,22-335,2002,29,29,"2,530",28.1,14,7,21,11,3,4,5,0,15.3,12.1,9.1,21.2,89,162,145,0.50,0.25,0.75,0.39,0.64,0.54,0.32,0.87,0.43,0.75,Matches
Conor Bradley,nir NIR,DF,Liverpool,21-271,2003,12,2,372,4.1,0,0,0,0,0,0,2,0,0.5,0.5,0.0,0.5,17,17,18,0.00,0.00,0.00,0.00,0.00,0.12,0.00,0.12,0.12,0.12,Matches
Conor Chaplin,eng ENG,"MF,FW",Ipswich Town,28-049,1997,16,7,624,6.9,1,1,2,1,0,0,1,0,1.2,1.2,0.6,1.8,10,25,20,0.14,0.14,0.29,0.14,0.29,0.17,0.09,0.26,0.17,0.26,Matches
Conor Coady,eng ENG,DF,Leicester City,32-040,1993,14,11,994,11.0,0,0,0,0,0,0,1,0,0.0,0.0,0.1,0.1,1,24,0,0.00,0.00,0.00,0.00,0.00,0.00,0.00,0.00,0.00,0.00,Matches
Conor Townsend,eng ENG,DF,Ipswich Town,32-033,1993,5,3,306,3.4,0,1,1,0,0,0,1,0,0.0,0.0,0.7,0.7,2,7,12,0.00,0.29,0.29,0.00,0.29,0.01,0.19,0.20,0.01,0.20,Matches
Craig Dawson,eng ENG,DF,Wolves,34-335,1990,15,10,971,10.8,0,0,0,0,0,0,2,0,0.5,0.5,0.0,0.5,6,20,5,0.00,0.00,0.00,0.00,0.00,0.05,0.00,0.05,0.05,0.05,Matches
Cristian Romero,ar ARG,DF,Tottenham,26-344,1998,15,15,"1,191",13.2,1,0,1,1,0,0,2,0,1.1,1.1,0.5,1.7,11,57,2,0.08,0.00,0.08,0.08,0.08,0.09,0.04,0.13,0.09,0.13,Matches
Crysencio Summerville,nl NED,"FW,MF",West Ham,23-158,2001,19,7,786,8.7,1,1,2,1,0,0,2,0,1.6,1.6,1.7,3.3,29,18,71,0.11,0.11,0.23,0.11,0.23,0.19,0.19,0.38,0.19,0.38,Matches
Curtis Jones,eng ENG,"MF,FW",Liverpool,24-066,2001,25,14,"1,257",14.0,3,3,6,3,0,0,3,1,4.0,4.0,0.9,4.9,16,71,59,0.21,0.21,0.43,0.21,0.43,0.29,0.07,0.35,0.29,0.35,Matches
Daichi Kamada,jp JPN,MF,Crystal Palace,28-244,1996,26,11,"1,108",12.3,0,0,0,0,0,0,2,1,0.8,0.8,1.1,1.9,18,64,43,0.00,0.00,0.00,0.00,0.00,0.07,0.09,0.16,0.07,0.16,Matches
Dan Burn,eng ENG,DF,Newcastle Utd,32-332,1992,28,28,"2,520",28.0,0,0,0,0,0,0,8,0,1.1,1.1,0.5,1.5,6,44,6,0.00,0.00,0.00,0.00,0.00,0.04,0.02,0.06,0.04,0.06,Matches
Dango Ouattara,bf BFA,FW,Bournemouth,23-054,2002,28,17,"1,685",18.7,7,4,11,7,0,0,1,0,7.7,7.7,4.7,12.4,67,36,169,0.37,0.21,0.59,0.37,0.59,0.41,0.25,0.67,0.41,0.67,Matches
Daniel Muñoz,co COL,DF,Crystal Palace,28-315,1996,29,29,"2,508",27.9,4,4,8,4,0,0,7,0,4.2,4.2,3.8,8.0,42,68,166,0.14,0.14,0.29,0.14,0.29,0.15,0.14,0.29,0.15,0.29,Matches
Danilo,br BRA,"MF,FW",Nott'ham Forest,23-342,2001,6,4,210,2.3,0,0,0,0,0,0,0,0,0.0,0.0,0.0,0.0,2,10,1,0.00,0.00,0.00,0.00,0.00,0.00,0.00,0.00,0.00,0.00,Matches
Danny Ings,eng ENG,"FW,MF",West Ham,32-257,1992,15,1,284,3.2,1,2,3,1,0,0,0,0,2.3,2.3,1.3,3.5,6,5,29,0.32,0.63,0.95,0.32,0.95,0.72,0.41,1.12,0.72,1.12,Matches
Danny Ward,wls WAL,GK,Leicester City,31-288,1993,2,1,135,1.5,0,0,0,0,0,0,0,0,0.0,0.0,0.0,0.0,0,0,0,0.00,0.00,0.00,0.00,0.00,0.00,0.00,0.00,0.00,0.00,Matches
Danny Welbeck,eng ENG,FW,Brighton,34-131,1990,24,18,"1,596",17.7,8,4,12,8,0,0,3,0,7.1,7.1,1.0,8.1,17,35,65,0.45,0.23,0.68,0.45,0.68,0.40,0.06,0.46,0.40,0.46,Matches
Dara O'Shea,ie IRL,DF,Ipswich Town,26-033,1999,28,28,"2,492",27.7,0,2,2,0,0,0,6,0,1.1,1.1,0.5,1.6,3,66,5,0.00,0.07,0.07,0.00,0.07,0.04,0.02,0.06,0.04,0.06,Matches
Darwin Núñez,uy URU,FW,Liverpool,25-286,1999,24,8,986,11.0,5,2,7,5,0,0,8,0,5.0,5.0,1.2,6.2,20,22,67,0.46,0.18,0.64,0.46,0.64,0.45,0.11,0.57,0.45,0.57,Matches
David Brooks,wls WAL,"FW,MF",Bournemouth,27-272,1997,24,8,793,8.8,2,0,2,2,0,0,3,0,2.2,2.2,1.7,3.9,26,27,71,0.23,0.00,0.23,0.23,0.23,0.25,0.19,0.44,0.25,0.44,Matches
David Raya,es ESP,GK,Arsenal,29-203,1995,31,31,"2,790",31.0,0,0,0,0,0,0,2,0,0.0,0.0,0.0,0.0,0,11,0,0.00,0.00,0.00,0.00,0.00,0.00,0.00,0.00,0.00,0.00,Matches
Dean Henderson,eng ENG,GK,Crystal Palace,28-025,1997,30,30,"2,700",30.0,0,0,0,0,0,0,3,0,0.0,0.0,0.1,0.1,0,0,0,0.00,0.00,0.00,0.00,0.00,0.00,0.00,0.00,0.00,0.00,Matches
Dean Huijsen,es ESP,DF,Bournemouth,19-357,2005,25,20,"1,874",20.8,2,1,3,2,0,0,7,0,1.7,1.7,1.9,3.6,31,92,9,0.10,0.05,0.14,0.10,0.14,0.08,0.09,0.17,0.08,0.17,Matches
Declan Rice,eng ENG,MF,Arsenal,26-082,1999,29,27,"2,336",26.0,2,5,7,2,0,0,6,1,2.6,2.6,6.0,8.5,78,158,81,0.08,0.19,0.27,0.08,0.27,0.10,0.23,0.33,0.10,0.33,Matches
Dejan Kulusevski,se SWE,"MF,FW",Tottenham,24-346,2000,27,24,"2,154",23.9,7,4,11,7,0,0,3,0,4.1,4.1,6.1,10.2,115,118,199,0.29,0.17,0.46,0.29,0.46,0.17,0.25,0.43,0.17,0.43,Matches
Destiny Udogie,it ITA,DF,Tottenham,22-129,2002,23,22,"1,744",19.4,0,1,1,0,0,0,2,0,0.3,0.3,1.4,1.7,51,117,92,0.00,0.05,0.05,0.00,0.05,0.02,0.07,0.09,0.02,0.09,Matches
Diego Carlos,br BRA,DF,Aston Villa,32-022,1993,10,8,830,9.2,0,0,0,0,0,0,1,0,0.6,0.6,0.0,0.6,3,34,0,0.00,0.00,0.00,0.00,0.00,0.07,0.00,0.07,0.07,0.07,Matches
Diego Gómez,py PAR,MF,Brighton,22-010,2003,9,4,396,4.4,0,0,0,0,0,0,0,0,0.3,0.3,0.5,0.8,5,17,11,0.00,0.00,0.00,0.00,0.00,0.07,0.12,0.19,0.07,0.19,Matches
Diogo Dalot,pt POR,DF,Manchester Utd,26-019,1999,29,29,"2,576",28.6,0,2,2,0,0,0,4,0,2.0,2.0,1.9,3.9,58,91,150,0.00,0.07,0.07,0.00,0.07,0.07,0.06,0.13,0.07,0.13,Matches
Diogo Jota,pt POR,FW,Liverpool,28-123,1996,19,11,918,10.2,6,3,9,6,0,0,2,0,6.5,6.5,1.8,8.3,33,27,77,0.59,0.29,0.88,0.59,0.88,0.64,0.18,0.81,0.64,0.81,Matches
Djed Spence,eng ENG,DF,Tottenham,24-240,2000,17,12,"1,154",12.8,1,1,2,1,0,0,4,1,0.3,0.3,1.5,1.8,37,67,49,0.08,0.08,0.16,0.08,0.16,0.03,0.12,0.14,0.03,0.14,Matches
Dominic Calvert-Lewin,eng ENG,FW,Everton,28-021,1997,22,19,"1,574",17.5,3,1,4,3,0,0,2,0,6.1,6.1,0.6,6.7,22,19,105,0.17,0.06,0.23,0.17,0.23,0.35,0.04,0.39,0.35,0.39,Matches
Dominic Solanke,eng ENG,FW,Tottenham,27-204,1997,21,21,"1,868",20.8,7,3,10,7,0,0,0,0,9.2,9.2,2.8,12.0,27,40,77,0.34,0.14,0.48,0.34,0.48,0.44,0.13,0.58,0.44,0.58,Matches
Dominik Szoboszlai,hu HUN,MF,Liverpool,24-163,2000,28,23,"2,043",22.7,5,3,8,5,0,0,6,0,6.8,6.8,5.0,11.8,63,105,115,0.22,0.13,0.35,0.22,0.35,0.30,0.22,0.52,0.30,0.52,Matches
Donyell Malen,nl NED,FW,Aston Villa,26-087,1999,8,2,234,2.6,2,0,2,2,0,0,0,0,1.1,1.1,0.0,1.1,6,5,18,0.77,0.00,0.77,0.77,0.77,0.41,0.01,0.42,0.41,0.42,Matches
Dwight McNeil,eng ENG,"MF,FW",Everton,25-135,1999,14,13,"1,144",12.7,3,3,6,3,0,0,1,0,0.9,0.9,3.5,4.4,31,60,65,0.24,0.24,0.47,0.24,0.47,0.07,0.27,0.34,0.07,0.34,Matches
Eberechi Eze,eng ENG,"MF,FW",Crystal Palace,26-281,1998,26,24,"2,095",23.3,2,8,10,2,0,0,1,0,6.4,6.4,4.7,11.1,60,83,135,0.09,0.34,0.43,0.09,0.43,0.27,0.20,0.48,0.27,0.48,Matches
Eddie Nketiah,eng ENG,"FW,MF",Crystal Palace,25-311,1999,22,7,750,8.3,1,1,2,1,0,0,5,1,3.5,3.5,1.5,5.0,32,15,61,0.12,0.12,0.24,0.12,0.24,0.42,0.18,0.60,0.42,0.60,Matches
Ederson,br BRA,GK,Manchester City,31-232,1993,20,20,"1,800",20.0,0,3,3,0,0,0,3,0,0.0,0.0,0.8,0.8,0,1,0,0.00,0.15,0.15,0.00,0.15,0.00,0.04,0.04,0.00,0.04,Matches
Edmond-Paris Maghoma,eng ENG,"MF,FW",Brentford,23-333,2001,8,0,119,1.3,0,0,0,0,0,0,0,0,0.1,0.1,0.1,0.2,4,13,4,0.00,0.00,0.00,0.00,0.00,0.09,0.08,0.17,0.09,0.17,Matches
Edson Álvarez,mx MEX,MF,West Ham,27-164,1997,25,19,"1,633",18.1,0,1,1,0,0,0,8,1,0.3,0.3,0.8,1.1,21,75,18,0.00,0.06,0.06,0.00,0.06,0.02,0.04,0.06,0.02,0.06,Matches
Elliot Anderson,eng ENG,MF,Nott'ham Forest,22-151,2002,30,26,"2,137",23.7,1,6,7,1,0,0,6,0,1.6,1.6,3.0,4.6,36,108,74,0.04,0.25,0.29,0.04,0.29,0.07,0.13,0.19,0.07,0.19,Matches
Emerson Palmieri,it ITA,DF,West Ham,30-246,1994,27,23,"1,851",20.6,2,1,3,2,0,0,5,0,1.8,1.8,1.5,3.3,38,56,72,0.10,0.05,0.15,0.10,0.15,0.09,0.07,0.16,0.09,0.16,Matches
Emi Buendía,ar ARG,"MF,FW",Aston Villa,28-102,1996,12,0,98,1.1,0,0,0,0,0,0,1,0,0.7,0.7,0.0,0.7,3,7,6,0.00,0.00,0.00,0.00,0.00,0.60,0.02,0.62,0.60,0.62,Matches
Emil Krafth,se SWE,DF,Newcastle Utd,30-247,1994,5,2,244,2.7,0,0,0,0,0,0,0,0,0.0,0.0,0.1,0.1,0,1,0,0.00,0.00,0.00,0.00,0.00,0.01,0.03,0.04,0.01,0.04,Matches
Emile Smith Rowe,eng ENG,MF,Fulham,24-252,2000,27,23,"1,790",19.9,5,2,7,5,0,0,1,0,4.1,4.1,1.1,5.2,50,113,105,0.25,0.10,0.35,0.25,0.35,0.21,0.05,0.26,0.21,0.26,Matches
Emiliano Martínez,ar ARG,GK,Aston Villa,32-216,1992,30,30,"2,610",29.0,0,0,0,0,0,0,4,0,0.0,0.0,0.4,0.4,0,2,0,0.00,0.00,0.00,0.00,0.00,0.00,0.01,0.01,0.00,0.01,Matches
Emmanuel Agbadou,ci CIV,DF,Wolves,27-293,1997,9,9,780,8.7,0,0,0,0,0,0,2,0,0.2,0.2,0.1,0.3,1,19,0,0.00,0.00,0.00,0.00,0.00,0.02,0.01,0.03,0.02,0.03,Matches
Enes Ünal,tr TUR,"FW,MF",Bournemouth,27-331,1997,17,2,345,3.8,2,1,3,2,0,0,2,0,2.7,2.7,0.4,3.1,4,12,22,0.52,0.26,0.78,0.52,0.78,0.72,0.10,0.82,0.72,0.82,Matches
Enzo Fernández,ar ARG,MF,Chelsea,24-079,2001,28,24,"2,230",24.8,5,5,10,5,0,0,6,0,4.9,4.9,5.1,10.0,46,163,88,0.20,0.20,0.40,0.20,0.40,0.20,0.20,0.40,0.20,0.40,Matches
Erling Haaland,no NOR,FW,Manchester City,24-259,2000,28,28,"2,480",27.6,21,3,24,19,2,3,2,0,20.8,18.4,2.8,21.2,19,18,103,0.76,0.11,0.87,0.69,0.80,0.76,0.10,0.86,0.67,0.77,Matches
Ethan Nwaneri,eng ENG,"FW,MF",Arsenal,18-016,2007,21,9,716,8.0,3,2,5,3,0,0,1,0,0.9,0.9,1.0,1.9,40,27,90,0.38,0.25,0.63,0.38,0.63,0.12,0.13,0.24,0.12,0.24,Matches
Ethan Pinnock,jm JAM,DF,Brentford,31-312,1993,22,21,"1,913",21.3,2,0,2,2,0,0,2,0,1.1,1.1,1.2,2.3,3,41,9,0.09,0.00,0.09,0.09,0.09,0.05,0.05,0.11,0.05,0.11,Matches
Evan Ferguson,ie IRL,FW,West Ham,20-169,2004,6,1,140,1.6,0,0,0,0,0,0,0,0,0.6,0.6,0.3,0.9,1,0,6,0.00,0.00,0.00,0.00,0.00,0.36,0.19,0.55,0.36,0.55,Matches
Evan Ferguson,ie IRL,FW,Brighton,20-169,2004,13,2,246,2.7,1,0,1,1,0,0,0,0,0.5,0.5,0.4,1.0,2,1,9,0.37,0.00,0.37,0.37,0.37,0.20,0.15,0.35,0.20,0.35,Matches
Evanilson,br BRA,FW,Bournemouth,25-182,1999,24,21,"1,723",19.1,9,0,9,9,0,1,0,0,10.3,9.5,1.5,11.0,24,17,79,0.47,0.00,0.47,0.47,0.47,0.54,0.08,0.62,0.50,0.57,Matches
Ezri Konsa,eng ENG,DF,Aston Villa,27-165,1997,27,26,"2,306",25.6,1,0,1,1,0,0,0,0,0.7,0.7,0.2,0.9,16,60,11,0.04,0.00,0.04,0.04,0.04,0.03,0.01,0.03,0.03,0.03,Matches
Fabian Schär,ch SUI,DF,Newcastle Utd,33-107,1991,25,24,"2,142",23.8,2,0,2,2,0,0,6,1,1.6,1.6,0.3,1.9,12,75,16,0.08,0.00,0.08,0.08,0.08,0.07,0.01,0.08,0.07,0.08,Matches
Fabio Carvalho,pt POR,"FW,MF",Brentford,22-219,2002,19,3,455,5.1,2,1,3,2,0,0,1,0,2.5,2.5,0.7,3.2,9,17,23,0.40,0.20,0.59,0.40,0.59,0.49,0.13,0.62,0.49,0.62,Matches
Facundo Buonanotte,ar ARG,"FW,MF",Leicester City,20-104,2004,26,13,"1,354",15.0,4,2,6,4,0,0,7,0,3.5,3.5,2.8,6.4,37,48,62,0.27,0.13,0.40,0.27,0.40,0.23,0.19,0.42,0.23,0.42,Matches
Ferdi Kadioglu,tr TUR,"DF,MF",Brighton,25-181,1999,6,5,385,4.3,1,0,1,1,0,0,1,0,0.4,0.4,0.2,0.6,1,15,27,0.23,0.00,0.23,0.23,0.23,0.10,0.04,0.14,0.10,0.14,Matches
Filip Jørgensen,dk DEN,GK,Chelsea,22-355,2002,6,6,540,6.0,0,0,0,0,0,0,0,0,0.0,0.0,0.0,0.0,0,0,0,0.00,0.00,0.00,0.00,0.00,0.00,0.00,0.00,0.00,0.00,Matches
Flynn Downes,eng ENG,MF,Southampton,26-076,1999,21,19,"1,611",17.9,1,0,1,1,0,0,10,0,0.6,0.6,0.9,1.5,21,55,26,0.06,0.00,0.06,0.06,0.06,0.03,0.05,0.08,0.03,0.08,Matches
Fraser Forster,eng ENG,GK,Tottenham,37-020,1988,7,7,630,7.0,0,0,0,0,0,0,0,0,0.0,0.0,0.0,0.0,0,0,0,0.00,0.00,0.00,0.00,0.00,0.00,0.00,0.00,0.00,0.00,Matches
Gabriel Jesus,br BRA,FW,Arsenal,28-003,1997,17,6,608,6.8,3,0,3,3,0,0,4,0,3.0,3.0,0.7,3.7,15,19,57,0.44,0.00,0.44,0.44,0.44,0.44,0.10,0.54,0.44,0.54,Matches
Gabriel Magalhães,br BRA,DF,Arsenal,27-108,1997,28,28,"2,363",26.3,3,1,4,3,0,0,4,0,2.6,2.6,0.9,3.5,10,126,11,0.11,0.04,0.15,0.11,0.15,0.10,0.03,0.13,0.10,0.13,Matches
Gabriel Martinelli,br BRA,"FW,MF",Arsenal,23-292,2001,26,18,"1,704",18.9,6,4,10,6,0,0,1,0,4.9,4.9,4.3,9.2,102,40,223,0.32,0.21,0.53,0.32,0.53,0.26,0.23,0.49,0.26,0.49,Matches
George Hirst,sct SCO,FW,Ipswich Town,26-050,1999,19,1,300,3.3,2,1,3,2,0,0,1,0,1.1,1.1,0.3,1.3,6,10,21,0.60,0.30,0.90,0.60,0.90,0.32,0.08,0.40,0.32,0.40,Matches
Georginio Rutter,fr FRA,"MF,FW",Brighton,22-351,2002,28,19,"1,656",18.4,5,3,8,5,0,0,2,0,4.6,4.6,2.5,7.1,42,67,79,0.27,0.16,0.43,0.27,0.43,0.25,0.14,0.39,0.25,0.39,Matches
Gonçalo Guedes,pt POR,"MF,FW",Wolves,28-128,1996,24,7,770,8.6,2,4,6,2,0,0,1,0,2.2,2.2,1.1,3.3,31,30,58,0.23,0.47,0.70,0.23,0.70,0.25,0.13,0.38,0.25,0.38,Matches
Guglielmo Vicario,it ITA,GK,Tottenham,28-181,1996,18,18,"1,620",18.0,0,0,0,0,0,0,1,0,0.0,0.0,0.0,0.0,0,1,0,0.00,0.00,0.00,0.00,0.00,0.00,0.00,0.00,0.00,0.00,Matches
Guido Rodríguez,ar ARG,MF,West Ham,30-359,1994,20,14,"1,018",11.3,0,0,0,0,0,0,5,0,0.2,0.2,0.1,0.3,2,31,5,0.00,0.00,0.00,0.00,0.00,0.02,0.01,0.03,0.02,0.03,Matches
Hamza Choudhury,bd BAN,"MF,DF",Leicester City,27-187,1997,4,1,131,1.5,0,0,0,0,0,0,0,0,0.0,0.0,0.4,0.4,4,3,6,0.00,0.00,0.00,0.00,0.00,0.00,0.27,0.27,0.00,0.27,Matches
Harry Clarke,eng ENG,DF,Ipswich Town,24-035,2001,7,4,379,4.2,0,0,0,0,0,0,3,1,0.1,0.1,0.0,0.1,5,14,2,0.00,0.00,0.00,0.00,0.00,0.02,0.01,0.03,0.02,0.03,Matches
Harry Maguire,eng ENG,DF,Manchester Utd,32-032,1993,21,15,"1,361",15.1,1,0,1,1,0,0,7,0,1.4,1.4,0.3,1.6,6,42,5,0.07,0.00,0.07,0.07,0.07,0.09,0.02,0.11,0.09,0.11,Matches
Harry Wilson,wls WAL,"FW,MF",Fulham,28-015,1997,19,8,839,9.3,5,1,6,5,0,0,2,0,3.2,3.2,1.0,4.2,16,42,71,0.54,0.11,0.64,0.54,0.64,0.35,0.11,0.45,0.35,0.45,Matches
Harry Winks,eng ENG,MF,Leicester City,29-063,1996,22,17,"1,538",17.1,0,2,2,0,0,0,4,0,0.2,0.2,1.2,1.5,19,101,11,0.00,0.12,0.12,0.00,0.12,0.01,0.07,0.09,0.01,0.09,Matches
Harvey Barnes,eng ENG,FW,Newcastle Utd,27-118,1997,24,8,992,11.0,5,3,8,5,0,0,0,0,3.7,3.7,3.0,6.7,54,52,106,0.45,0.27,0.73,0.45,0.73,0.33,0.27,0.61,0.33,0.61,Matches
Harvey Elliott,eng ENG,"MF,FW",Liverpool,22-002,2003,11,0,128,1.4,0,1,1,0,0,0,0,0,0.2,0.2,0.8,1.0,7,17,14,0.00,0.70,0.70,0.00,0.70,0.14,0.54,0.68,0.14,0.68,Matches
Hwang Hee-chan,kr KOR,"MF,FW",Wolves,29-070,1996,18,5,637,7.1,2,0,2,2,0,0,0,0,0.8,0.8,0.1,0.9,14,11,40,0.28,0.00,0.28,0.28,0.28,0.11,0.02,0.13,0.11,0.13,Matches
Hákon Rafn Valdimarsson,is ISL,GK,Brentford,23-175,2001,2,1,145,1.6,0,0,0,0,0,0,0,0,0.0,0.0,0.0,0.0,0,0,0,0.00,0.00,0.00,0.00,0.00,0.00,0.00,0.00,0.00,0.00,Matches
Ian Maatsen,nl NED,DF,Aston Villa,23-027,2002,23,5,707,7.9,0,2,2,0,0,0,2,0,0.4,0.4,2.0,2.4,21,36,69,0.00,0.25,0.25,0.00,0.25,0.05,0.26,0.31,0.05,0.31,Matches
Ibrahim Sangaré,ci CIV,MF,Nott'ham Forest,27-125,1997,8,3,279,3.1,0,1,1,0,0,0,2,0,0.0,0.0,0.4,0.4,0,12,2,0.00,0.32,0.32,0.00,0.32,0.01,0.11,0.12,0.01,0.12,Matches
Ibrahima Konaté,fr FRA,DF,Liverpool,25-316,1999,24,23,"1,984",22.0,1,2,3,1,0,0,5,0,1.5,1.5,0.9,2.4,20,92,2,0.05,0.09,0.14,0.05,0.14,0.07,0.04,0.11,0.07,0.11,Matches
Idrissa Gana Gueye,sn SEN,MF,Everton,35-192,1989,30,28,"2,447",27.2,0,3,3,0,0,0,6,0,1.0,1.0,1.6,2.6,20,113,21,0.00,0.11,0.11,0.00,0.11,0.04,0.06,0.10,0.04,0.10,Matches
Igor,br BRA,DF,Brighton,27-058,1998,12,9,903,10.0,0,0,0,0,0,0,4,0,0.0,0.0,0.2,0.2,9,44,0,0.00,0.00,0.00,0.00,0.00,0.00,0.02,0.02,0.00,0.02,Matches
Iliman Ndiaye,sn SEN,FW,Everton,25-031,2000,26,23,"1,973",21.9,7,0,7,5,2,2,3,0,4.5,2.9,1.5,4.4,74,41,99,0.32,0.00,0.32,0.23,0.23,0.20,0.07,0.27,0.13,0.20,Matches
Illia Zabarnyi,ua UKR,DF,Bournemouth,22-217,2002,29,29,"2,527",28.1,0,0,0,0,0,0,3,1,1.0,1.0,0.5,1.5,18,104,3,0.00,0.00,0.00,0.00,0.00,0.04,0.02,0.05,0.04,0.05,Matches
Ismaila Sarr,sn SEN,MF,Crystal Palace,27-040,1998,30,23,"2,110",23.4,7,3,10,7,0,0,3,0,7.8,7.8,6.0,13.8,59,69,154,0.30,0.13,0.43,0.30,0.43,0.33,0.26,0.59,0.33,0.59,Matches
Issa Diop,fr FRA,DF,Fulham,28-087,1997,21,15,"1,339",14.9,0,0,0,0,0,0,2,0,0.5,0.5,0.1,0.6,6,25,3,0.00,0.00,0.00,0.00,0.00,0.04,0.01,0.04,0.04,0.04,Matches
Jack Clarke,eng ENG,"FW,MF",Ipswich Town,24-134,2000,25,8,890,9.9,0,4,4,0,0,0,2,0,0.9,0.9,1.9,2.8,25,28,47,0.00,0.40,0.40,0.00,0.40,0.10,0.19,0.28,0.10,0.28,Matches
Jack Grealish,eng ENG,"FW,MF",Manchester City,29-208,1995,17,7,699,7.8,1,1,2,1,0,0,3,0,1.1,1.1,1.8,3.0,69,52,117,0.13,0.13,0.26,0.13,0.26,0.15,0.23,0.38,0.15,0.38,Matches
Jack Harrison,eng ENG,FW,Everton,28-137,1996,27,19,"1,658",18.4,1,0,1,1,0,0,0,0,3.1,3.1,3.5,6.6,48,36,94,0.05,0.00,0.05,0.05,0.05,0.17,0.19,0.36,0.17,0.36,Matches
Jack Hinshelwood,eng ENG,"DF,MF",Brighton,19-360,2005,19,17,"1,415",15.7,2,0,2,2,0,0,4,0,1.4,1.4,0.9,2.2,15,52,37,0.13,0.00,0.13,0.13,0.13,0.09,0.05,0.14,0.09,0.14,Matches
Jack Stephens,eng ENG,DF,Southampton,31-069,1994,13,11,894,9.9,0,0,0,0,0,0,2,2,0.3,0.3,0.1,0.4,11,45,1,0.00,0.00,0.00,0.00,0.00,0.03,0.01,0.04,0.03,0.04,Matches
Jack Taylor,ie IRL,MF,Ipswich Town,26-287,1998,25,1,540,6.0,1,0,1,1,0,0,3,0,0.6,0.6,0.5,1.1,9,37,16,0.17,0.00,0.17,0.17,0.17,0.10,0.09,0.19,0.10,0.19,Matches
Jacob Greaves,eng ENG,DF,Ipswich Town,24-206,2000,19,19,"1,665",18.5,1,0,1,1,0,0,4,0,1.2,1.2,0.0,1.3,6,48,4,0.05,0.00,0.05,0.05,0.05,0.07,0.00,0.07,0.07,0.07,Matches
Jacob Murphy,eng ENG,FW,Newcastle Utd,30-041,1995,26,22,"1,745",19.4,5,9,14,5,0,0,3,0,3.9,3.9,6.7,10.6,58,57,157,0.26,0.46,0.72,0.26,0.72,0.20,0.35,0.55,0.20,0.55,Matches
Jacob Ramsey,eng ENG,"FW,MF",Aston Villa,23-313,2001,23,16,"1,341",14.9,1,3,4,1,0,0,1,0,1.3,1.3,2.0,3.3,52,60,92,0.07,0.20,0.27,0.07,0.27,0.09,0.13,0.22,0.09,0.22,Matches
Jaden Philogene Bidace,eng ENG,"FW,MF",Aston Villa,23-057,2002,11,2,332,3.7,0,0,0,0,0,0,4,1,0.5,0.5,0.3,0.8,7,4,17,0.00,0.00,0.00,0.00,0.00,0.13,0.08,0.20,0.13,0.20,Matches
Jaden Philogene Bidace,eng ENG,"FW,DF",Ipswich Town,23-057,2002,9,5,469,5.2,2,0,2,2,0,0,1,0,2.0,2.0,0.2,2.2,13,10,36,0.38,0.00,0.38,0.38,0.38,0.38,0.05,0.42,0.38,0.42,Matches
Jadon Sancho,eng ENG,FW,Chelsea,25-012,2000,24,17,"1,497",16.6,2,4,6,2,0,0,1,0,1.8,1.8,3.3,5.1,86,75,186,0.12,0.24,0.36,0.12,0.36,0.11,0.20,0.30,0.11,0.30,Matches
Jahmai Simpson-Pusey,eng ENG,DF,Manchester City,19-153,2005,2,1,96,1.1,0,0,0,0,0,0,1,0,0.0,0.0,0.0,0.0,1,3,0,0.00,0.00,0.00,0.00,0.00,0.00,0.00,0.00,0.00,0.00,Matches
Jake O'Brien,ie IRL,DF,Everton,23-326,2001,14,11,"1,031",11.5,2,0,2,2,0,0,4,0,0.7,0.7,0.6,1.2,6,37,23,0.17,0.00,0.17,0.17,0.17,0.06,0.05,0.11,0.06,0.11,Matches
Jakub Kiwior,pl POL,DF,Arsenal,25-050,2000,10,3,492,5.5,0,0,0,0,0,0,0,0,0.1,0.1,0.2,0.3,4,17,0,0.00,0.00,0.00,0.00,0.00,0.01,0.04,0.05,0.01,0.05,Matches
Jakub Stolarczyk,pl POL,GK,Leicester City,24-108,2000,6,6,540,6.0,0,0,0,0,0,0,1,0,0.0,0.0,0.0,0.0,0,1,0,0.00,0.00,0.00,0.00,0.00,0.00,0.00,0.00,0.00,0.00,Matches
James Bree,eng ENG,DF,Southampton,27-177,1997,14,11,890,9.9,0,1,1,0,0,0,0,0,0.1,0.1,0.9,1.0,9,30,34,0.00,0.10,0.10,0.00,0.10,0.01,0.09,0.10,0.01,0.10,Matches
James Garner,eng ENG,"MF,DF",Everton,24-024,2001,14,10,964,10.7,0,1,1,0,0,0,3,0,0.1,0.1,1.1,1.3,7,27,17,0.00,0.09,0.09,0.00,0.09,0.01,0.10,0.12,0.01,0.12,Matches
James Hill,eng ENG,DF,Bournemouth,23-086,2002,10,6,448,5.0,0,1,1,0,0,0,1,0,0.3,0.3,0.3,0.6,3,16,8,0.00,0.20,0.20,0.00,0.20,0.06,0.05,0.11,0.06,0.11,Matches
James Justin,eng ENG,DF,Leicester City,27-042,1998,28,28,"2,363",26.3,2,1,3,2,0,0,4,0,1.5,1.5,0.5,2.0,34,71,88,0.08,0.04,0.11,0.08,0.11,0.06,0.02,0.08,0.06,0.08,Matches
James Maddison,eng ENG,MF,Tottenham,28-134,1996,28,18,"1,611",17.9,9,5,14,9,0,0,6,0,5.8,5.8,3.6,9.4,39,145,79,0.50,0.28,0.78,0.50,0.78,0.32,0.20,0.52,0.32,0.52,Matches
James Mcatee,eng ENG,"MF,FW",Manchester City,22-170,2002,11,0,143,1.6,2,0,2,2,0,0,0,0,1.4,1.4,0.0,1.4,5,4,12,1.26,0.00,1.26,1.26,1.26,0.87,0.00,0.87,0.87,0.87,Matches
James Milner,eng ENG,MF,Brighton,39-092,1986,3,3,169,1.9,0,0,0,0,0,0,1,0,0.2,0.2,0.2,0.4,1,10,10,0.00,0.00,0.00,0.00,0.00,0.09,0.12,0.21,0.09,0.21,Matches
James Tarkowski,eng ENG,DF,Everton,32-138,1992,31,31,"2,781",30.9,1,1,2,1,0,0,6,0,1.1,1.1,2.2,3.3,9,70,3,0.03,0.03,0.06,0.03,0.06,0.04,0.07,0.11,0.04,0.11,Matches
James Ward-Prowse,eng ENG,MF,West Ham,30-156,1994,8,6,582,6.5,0,1,1,0,0,0,2,0,0.4,0.4,0.6,1.0,6,32,2,0.00,0.15,0.15,0.00,0.15,0.06,0.09,0.15,0.06,0.15,Matches
James Ward-Prowse,eng ENG,MF,Nott'ham Forest,30-156,1994,9,5,400,4.4,0,1,1,0,0,0,2,1,0.1,0.1,1.1,1.2,1,16,3,0.00,0.23,0.23,0.00,0.23,0.01,0.25,0.26,0.01,0.26,Matches
Jamie Vardy,eng ENG,FW,Leicester City,38-085,1987,28,28,"2,271",25.2,7,3,10,6,1,1,5,0,9.2,8.5,2.9,11.4,26,19,95,0.28,0.12,0.40,0.24,0.36,0.37,0.11,0.48,0.34,0.45,Matches
Jan Bednarek,pl POL,DF,Southampton,28-359,1996,24,24,"1,991",22.1,2,0,2,2,0,0,6,0,0.7,0.7,0.5,1.1,4,53,1,0.09,0.00,0.09,0.09,0.09,0.03,0.02,0.05,0.03,0.05,Matches
Jan Paul van Hecke,nl NED,DF,Brighton,24-302,2000,29,28,"2,509",27.9,1,1,2,1,0,0,7,1,1.3,1.3,1.5,2.7,49,198,5,0.04,0.04,0.07,0.04,0.07,0.05,0.05,0.10,0.05,0.10,Matches
Jannik Vestergaard,dk DEN,DF,Leicester City,32-246,1992,18,16,"1,391",15.5,0,0,0,0,0,0,5,0,0.1,0.1,0.1,0.2,3,32,2,0.00,0.00,0.00,0.00,0.00,0.01,0.01,0.01,0.01,0.01,Matches
Jarell Quansah,eng ENG,DF,Liverpool,22-067,2003,10,2,292,3.2,0,0,0,0,0,0,1,0,0.0,0.0,0.0,0.0,2,10,3,0.00,0.00,0.00,0.00,0.00,0.00,0.00,0.00,0.00,0.00,Matches
Jarrad Branthwaite,eng ENG,DF,Everton,22-283,2002,24,22,"1,988",22.1,0,1,1,0,0,0,3,0,0.8,0.8,0.6,1.3,8,49,1,0.00,0.05,0.05,0.00,0.05,0.03,0.03,0.06,0.03,0.06,Matches
Jarrod Bowen,eng ENG,"FW,MF",West Ham,28-107,1996,27,27,"2,366",26.3,8,5,13,7,1,1,1,0,6.8,6.1,5.3,11.4,88,80,164,0.30,0.19,0.49,0.27,0.46,0.26,0.20,0.46,0.23,0.43,Matches
Jason Steele,eng ENG,GK,Brighton,34-231,1990,2,2,180,2.0,0,0,0,0,0,0,0,0,0.0,0.0,0.0,0.0,0,0,0,0.00,0.00,0.00,0.00,0.00,0.00,0.00,0.00,0.00,0.00,Matches
Jean-Clair Todibo,fr FRA,DF,West Ham,25-097,1999,20,13,"1,228",13.6,0,0,0,0,0,0,2,0,0.2,0.2,0.0,0.2,6,26,4,0.00,0.00,0.00,0.00,0.00,0.01,0.00,0.01,0.01,0.01,Matches
Jean-Philippe Mateta,fr FRA,FW,Crystal Palace,27-282,1997,29,27,"2,257",25.1,13,2,15,11,2,2,2,0,11.6,10.0,3.0,13.0,33,44,111,0.52,0.08,0.60,0.44,0.52,0.46,0.12,0.58,0.40,0.52,Matches
Jean-Ricner Bellegarde,fr FRA,"MF,FW",Wolves,26-283,1998,29,17,"1,438",16.0,2,6,8,2,0,0,3,0,1.3,1.3,3.6,4.9,45,35,79,0.13,0.38,0.50,0.13,0.50,0.08,0.22,0.31,0.08,0.31,Matches
Jefferson Lerma,co COL,"MF,DF",Crystal Palace,30-163,1994,25,20,"1,721",19.1,0,1,1,0,0,0,5,0,0.9,0.9,1.5,2.4,10,80,24,0.00,0.05,0.05,0.00,0.05,0.05,0.08,0.13,0.05,0.13,Matches
Jeffrey Schlupp,gh GHA,"MF,DF",Crystal Palace,32-104,1992,12,0,103,1.1,0,0,0,0,0,0,0,0,0.2,0.2,0.2,0.3,4,5,9,0.00,0.00,0.00,0.00,0.00,0.14,0.14,0.28,0.14,0.28,Matches
Jens Cajuste,se SWE,MF,Ipswich Town,25-239,1999,24,21,"1,604",17.8,1,0,1,1,0,0,2,0,0.4,0.4,0.6,1.0,23,44,14,0.06,0.00,0.06,0.06,0.06,0.02,0.03,0.05,0.02,0.05,Matches
Jeremy Doku,be BEL,"FW,MF",Manchester City,22-314,2002,21,14,"1,240",13.8,3,4,7,3,0,0,1,0,1.0,1.0,3.5,4.5,164,59,221,0.22,0.29,0.51,0.22,0.51,0.07,0.26,0.33,0.07,0.33,Matches
Jesper Lindstrøm,dk DEN,FW,Everton,25-036,2000,25,15,"1,239",13.8,0,1,1,0,0,0,2,0,2.1,2.1,2.0,4.1,30,25,81,0.00,0.07,0.07,0.00,0.07,0.15,0.15,0.30,0.15,0.30,Matches
Joachim Andersen,dk DEN,DF,Fulham,28-310,1996,21,21,"1,863",20.7,0,0,0,0,0,0,5,1,0.4,0.4,0.3,0.8,11,93,1,0.00,0.00,0.00,0.00,0.00,0.02,0.02,0.04,0.02,0.04,Matches
Joe Aribo,ng NGA,"MF,DF",Southampton,28-259,1996,29,19,"1,846",20.5,3,0,3,3,0,0,1,0,2.7,2.7,1.6,4.2,34,69,62,0.15,0.00,0.15,0.15,0.15,0.13,0.08,0.21,0.13,0.21,Matches
Joe Gomez,eng ENG,DF,Liverpool,27-318,1997,9,6,519,5.8,0,0,0,0,0,0,1,0,0.3,0.3,0.1,0.4,5,35,2,0.00,0.00,0.00,0.00,0.00,0.06,0.02,0.08,0.06,0.08,Matches
Joe Lumley,eng ENG,GK,Southampton,30-050,1995,3,3,270,3.0,0,0,0,0,0,0,0,0,0.0,0.0,0.0,0.0,0,0,0,0.00,0.00,0.00,0.00,0.00,0.00,0.00,0.00,0.00,0.00,Matches
Joe Willock,eng ENG,"MF,FW",Newcastle Utd,25-229,1999,26,9,843,9.4,0,2,2,0,0,0,2,0,0.9,0.9,1.6,2.5,30,34,68,0.00,0.21,0.21,0.00,0.21,0.10,0.17,0.27,0.10,0.27,Matches
Joelinton,br BRA,"MF,FW",Newcastle Utd,28-235,1996,25,25,"2,094",23.3,4,1,5,4,0,0,9,0,3.8,3.8,1.6,5.4,37,105,100,0.17,0.04,0.21,0.17,0.21,0.16,0.07,0.23,0.16,0.23,Matches
John McGinn,sct SCO,"MF,FW",Aston Villa,30-170,1994,27,23,"1,885",20.9,0,3,3,0,0,0,6,0,2.2,2.2,3.2,5.4,27,87,66,0.00,0.14,0.14,0.00,0.14,0.10,0.15,0.26,0.10,0.26,Matches
John Stones,eng ENG,"DF,MF",Manchester City,30-313,1994,11,6,548,6.1,2,0,2,2,0,0,1,0,0.4,0.4,0.1,0.5,10,21,2,0.33,0.00,0.33,0.33,0.33,0.07,0.01,0.08,0.07,0.08,Matches
Jonny Evans,nir NIR,DF,Manchester Utd,37-093,1988,6,3,290,3.2,0,0,0,0,0,0,1,0,0.1,0.1,0.0,0.1,1,8,2,0.00,0.00,0.00,0.00,0.00,0.03,0.00,0.03,0.03,0.03,Matches
Jordan Ayew,gh GHA,"FW,MF",Leicester City,33-207,1991,25,15,"1,310",14.6,4,0,4,3,1,1,5,0,2.8,2.0,0.8,2.8,38,31,68,0.27,0.00,0.27,0.21,0.21,0.19,0.05,0.25,0.14,0.19,Matches
Jordan Pickford,eng ENG,GK,Everton,31-030,1994,31,31,"2,790",31.0,0,1,1,0,0,0,6,0,0.0,0.0,0.4,0.4,0,0,0,0.00,0.03,0.03,0.00,0.03,0.00,0.01,0.01,0.00,0.01,Matches
Jorge Cuenca,es ESP,DF,Fulham,25-140,1999,6,3,259,2.9,0,0,0,0,0,0,0,0,0.0,0.0,0.0,0.0,0,9,0,0.00,0.00,0.00,0.00,0.00,0.01,0.00,0.01,0.01,0.01,Matches
Jorginho,it ITA,MF,Arsenal,33-107,1991,13,8,613,6.8,0,0,0,0,0,0,5,0,0.0,0.0,0.4,0.5,10,42,4,0.00,0.00,0.00,0.00,0.00,0.01,0.06,0.07,0.01,0.07,Matches
Joshua Acheampong,eng ENG,DF,Chelsea,18-336,2006,4,2,170,1.9,0,0,0,0,0,0,1,0,0.2,0.2,0.0,0.2,0,8,0,0.00,0.00,0.00,0.00,0.00,0.12,0.00,0.12,0.12,0.12,Matches
Joshua Zirkzee,nl NED,"FW,MF",Manchester Utd,23-319,2001,30,13,"1,328",14.8,3,1,4,3,0,0,2,0,4.5,4.5,1.5,6.0,12,41,68,0.20,0.07,0.27,0.20,0.27,0.30,0.10,0.41,0.30,0.41,Matches
José Sá,pt POR,GK,Wolves,32-079,1993,24,24,"2,160",24.0,0,0,0,0,0,0,2,0,0.0,0.0,0.1,0.1,0,2,0,0.00,0.00,0.00,0.00,0.00,0.00,0.01,0.01,0.00,0.01,Matches
Jota Silva,pt POR,"FW,MF",Nott'ham Forest,25-248,1999,26,4,770,8.6,3,1,4,3,0,0,5,0,1.6,1.6,2.9,4.5,18,16,51,0.35,0.12,0.47,0.35,0.47,0.19,0.33,0.52,0.19,0.52,Matches
João Félix,pt POR,"FW,MF",Chelsea,25-147,1999,12,3,369,4.1,1,1,2,1,0,0,2,0,2.2,2.2,1.0,3.2,21,26,30,0.24,0.24,0.49,0.24,0.49,0.54,0.23,0.78,0.54,0.78,Matches
João Gomes,br BRA,MF,Wolves,24-053,2001,29,29,"2,429",27.0,3,1,4,3,0,0,10,1,2.6,2.6,1.1,3.6,49,140,61,0.11,0.04,0.15,0.11,0.15,0.09,0.04,0.13,0.09,0.13,Matches
João Pedro,br BRA,"FW,MF",Brighton,23-192,2001,25,21,"1,798",20.0,8,6,14,5,3,3,4,0,7.2,4.8,4.3,9.1,61,71,118,0.40,0.30,0.70,0.25,0.55,0.36,0.22,0.57,0.24,0.46,Matches
Joël Veltman,nl NED,DF,Brighton,33-081,1992,19,19,"1,643",18.3,0,0,0,0,0,0,4,0,0.5,0.5,0.5,0.9,29,79,32,0.00,0.00,0.00,0.00,0.00,0.03,0.03,0.05,0.03,0.05,Matches
Joško Gvardiol,hr CRO,DF,Manchester City,23-073,2002,29,28,"2,557",28.4,5,0,5,5,0,0,1,0,4.2,3.9,2.0,5.9,73,213,95,0.18,0.00,0.18,0.18,0.18,0.15,0.07,0.22,0.14,0.21,Matches
Julian Araujo,mx MEX,DF,Bournemouth,23-236,2001,8,5,355,3.9,0,0,0,0,0,0,1,0,0.0,0.0,0.0,0.0,2,14,11,0.00,0.00,0.00,0.00,0.00,0.00,0.00,0.00,0.00,0.00,Matches
Julio Enciso,py PAR,"MF,FW",Brighton,21-073,2004,12,2,294,3.3,0,0,0,0,0,0,0,0,1.0,1.0,0.2,1.2,11,14,17,0.00,0.00,0.00,0.00,0.00,0.31,0.07,0.38,0.31,0.38,Matches
Julio Enciso,py PAR,"FW,MF",Ipswich Town,21-073,2004,7,6,430,4.8,0,2,2,0,0,0,3,0,0.7,0.7,1.0,1.7,11,18,24,0.00,0.42,0.42,0.00,0.42,0.14,0.21,0.35,0.14,0.35,Matches
Jurriën Timber,nl NED,DF,Arsenal,23-293,2001,28,26,"2,305",25.6,1,2,3,1,0,0,7,0,1.2,1.2,0.8,2.0,53,141,103,0.04,0.08,0.12,0.04,0.12,0.05,0.03,0.08,0.05,0.08,Matches
Justin Devenny,nir NIR,MF,Crystal Palace,21-177,2003,16,3,332,3.7,1,0,1,1,0,0,0,0,0.5,0.5,0.3,0.9,3,10,9,0.27,0.00,0.27,0.27,0.27,0.14,0.09,0.23,0.14,0.23,Matches
Justin Kluivert,nl NED,"MF,FW",Bournemouth,25-336,1999,28,24,"1,936",21.5,12,6,18,6,6,6,6,0,9.9,5.1,4.7,9.9,64,88,132,0.56,0.28,0.84,0.28,0.56,0.46,0.22,0.68,0.24,0.46,Matches
Jáder Durán,co COL,FW,Aston Villa,21-114,2003,20,4,638,7.1,7,0,7,7,0,0,3,1,4.9,4.9,0.2,5.1,7,13,44,0.99,0.00,0.99,0.99,0.99,0.69,0.03,0.71,0.69,0.71,Matches
Jørgen Strand Larsen,no NOR,FW,Wolves,25-059,2000,29,26,"2,245",24.9,11,2,13,11,0,0,4,0,7.8,7.8,2.4,10.2,13,24,92,0.44,0.08,0.52,0.44,0.52,0.31,0.10,0.41,0.31,0.41,Matches
Kai Havertz,de GER,"FW,MF",Arsenal,25-299,1999,21,21,"1,839",20.4,9,3,12,9,0,0,4,0,9.4,9.4,2.4,11.8,34,59,110,0.44,0.15,0.59,0.44,0.59,0.46,0.12,0.58,0.46,0.58,Matches
Kalvin Phillips,eng ENG,MF,Ipswich Town,29-125,1995,18,14,"1,214",13.5,0,0,0,0,0,0,6,1,0.4,0.4,0.2,0.6,4,49,4,0.00,0.00,0.00,0.00,0.00,0.03,0.02,0.05,0.03,0.05,Matches
Kamaldeen Sulemana,gh GHA,"FW,MF",Southampton,23-050,2002,18,9,822,9.1,1,0,1,1,0,0,0,0,0.9,0.9,0.4,1.2,37,15,57,0.11,0.00,0.11,0.11,0.11,0.09,0.04,0.13,0.09,0.13,Matches
Kaoru Mitoma,jp JPN,"FW,MF",Brighton,27-321,1997,31,28,"2,467",27.4,7,3,10,7,0,0,1,0,7.5,7.5,4.4,11.9,134,81,275,0.26,0.11,0.36,0.26,0.36,0.27,0.16,0.44,0.27,0.44,Matches
Kasey McAteer,ie IRL,"FW,MF",Leicester City,23-135,2001,12,4,395,4.4,0,1,1,0,0,0,1,0,0.6,0.6,0.4,0.9,13,8,36,0.00,0.23,0.23,0.00,0.23,0.13,0.08,0.21,0.13,0.21,Matches
Keane Lewis-Potter,eng ENG,"DF,FW",Brentford,24-043,2001,30,28,"2,459",27.3,1,2,3,1,0,0,5,0,2.5,2.5,2.0,4.5,86,84,130,0.04,0.07,0.11,0.04,0.11,0.09,0.07,0.16,0.09,0.16,Matches
Kenny Tete,nl NED,DF,Fulham,29-179,1995,15,15,"1,262",14.0,0,2,2,0,0,0,3,0,1.0,1.0,0.7,1.8,33,42,39,0.00,0.14,0.14,0.00,0.14,0.07,0.05,0.13,0.07,0.13,Matches
Kepa Arrizabalaga,es ESP,GK,Bournemouth,30-185,1994,24,24,"2,160",24.0,0,0,0,0,0,0,3,0,0.1,0.1,0.0,0.1,0,0,0,0.00,0.00,0.00,0.00,0.00,0.00,0.00,0.00,0.00,0.00,Matches
Kevin Danso,at AUT,DF,Tottenham,26-199,1998,4,4,347,3.9,0,0,0,0,0,0,0,0,0.3,0.3,0.0,0.4,2,7,0,0.00,0.00,0.00,0.00,0.00,0.09,0.01,0.10,0.09,0.10,Matches
Kevin De Bruyne,be BEL,MF,Manchester City,33-282,1991,20,12,"1,103",12.3,2,6,8,2,0,0,2,0,2.6,2.6,6.1,8.8,38,113,105,0.16,0.49,0.65,0.16,0.65,0.22,0.50,0.71,0.22,0.71,Matches
Kevin Schade,de GER,FW,Brentford,23-130,2001,30,18,"1,665",18.5,7,2,9,7,0,0,2,0,5.9,5.9,3.1,9.0,48,30,129,0.38,0.11,0.49,0.38,0.49,0.32,0.17,0.48,0.32,0.48,Matches
Kieran Tierney,sct SCO,"DF,FW",Arsenal,27-305,1997,7,0,97,1.1,0,0,0,0,0,0,0,0,0.2,0.2,0.8,1.0,3,6,11,0.00,0.00,0.00,0.00,0.00,0.19,0.74,0.94,0.19,0.94,Matches
Kieran Trippier,eng ENG,DF,Newcastle Utd,34-199,1990,18,8,786,8.7,0,0,0,0,0,0,1,0,0.0,0.0,0.6,0.6,16,51,30,0.00,0.00,0.00,0.00,0.00,0.01,0.07,0.07,0.01,0.07,Matches
Kiernan Dewsbury-Hall,eng ENG,"MF,FW",Chelsea,26-212,1998,10,1,200,2.2,0,1,1,0,0,0,0,0,0.2,0.2,1.0,1.2,5,11,9,0.00,0.45,0.45,0.00,0.45,0.10,0.44,0.54,0.10,0.54,Matches
Kobbie Mainoo,eng ENG,MF,Manchester Utd,19-352,2005,18,15,"1,285",14.3,0,0,0,0,0,0,5,0,0.5,0.5,1.5,2.0,19,52,35,0.00,0.00,0.00,0.00,0.00,0.04,0.11,0.14,0.04,0.14,Matches
Konstantinos Mavropanos,gr GRE,DF,West Ham,27-116,1997,27,18,"1,759",19.5,0,0,0,0,0,0,5,1,1.2,1.2,0.5,1.7,15,57,2,0.00,0.00,0.00,0.00,0.00,0.06,0.02,0.08,0.06,0.08,Matches
Kosta Nedeljković,rs SRB,DF,Aston Villa,19-111,2005,5,0,126,1.4,0,0,0,0,0,0,0,0,0.0,0.0,0.0,0.0,1,6,0,0.00,0.00,0.00,0.00,0.00,0.00,0.00,0.00,0.00,0.00,Matches
Kostas Tsimikas,gr GRE,DF,Liverpool,28-329,1996,14,5,517,5.7,0,1,1,0,0,0,2,0,0.1,0.1,1.0,1.1,13,53,25,0.00,0.17,0.17,0.00,0.17,0.02,0.18,0.20,0.02,0.20,Matches
Kristoffer Ajer,no NOR,DF,Brentford,26-354,1998,17,15,"1,213",13.5,0,0,0,0,0,0,4,0,0.7,0.7,1.2,1.9,25,48,38,0.00,0.00,0.00,0.00,0.00,0.05,0.09,0.14,0.05,0.14,Matches
Kyle Walker,eng ENG,DF,Manchester City,34-313,1990,15,9,970,10.8,0,0,0,0,0,0,3,0,0.1,0.1,0.4,0.6,12,64,11,0.00,0.00,0.00,0.00,0.00,0.01,0.04,0.05,0.01,0.05,Matches
Kyle Walker-Peters,eng ENG,DF,Southampton,27-358,1997,28,28,"2,468",27.4,0,2,2,0,0,0,5,0,0.6,0.6,2.6,3.2,102,120,121,0.00,0.07,0.07,0.00,0.07,0.02,0.09,0.12,0.02,0.12,Matches
Lamare Bogarde,nl NED,"DF,MF",Aston Villa,21-091,2004,8,5,476,5.3,0,0,0,0,0,0,2,0,0.0,0.0,0.1,0.2,12,14,9,0.00,0.00,0.00,0.00,0.00,0.01,0.02,0.03,0.01,0.03,Matches
Leandro Trossard,be BEL,FW,Arsenal,30-123,1994,31,22,"2,001",22.2,5,5,10,5,0,0,4,1,5.4,5.4,5.0,10.4,67,84,179,0.22,0.22,0.45,0.22,0.45,0.24,0.22,0.47,0.24,0.47,Matches
Leif Davis,eng ENG,DF,Ipswich Town,25-084,2000,29,28,"2,471",27.5,1,2,3,1,0,0,5,0,0.9,0.9,4.3,5.2,47,55,117,0.04,0.07,0.11,0.04,0.11,0.03,0.16,0.19,0.03,0.19,Matches
Leny Yoro,fr FRA,DF,Manchester Utd,19-144,2005,15,8,787,8.7,0,0,0,0,0,0,3,0,0.7,0.7,0.0,0.7,14,42,4,0.00,0.00,0.00,0.00,0.00,0.08,0.00,0.08,0.08,0.08,Matches
Leon Bailey,jm JAM,"FW,MF",Aston Villa,27-240,1997,23,14,"1,138",12.6,1,2,3,1,0,0,3,0,1.7,1.7,1.5,3.3,57,35,121,0.08,0.16,0.24,0.08,0.24,0.14,0.12,0.26,0.14,0.26,Matches
Lesley Ugochukwu,fr FRA,MF,Southampton,21-011,2004,19,11,"1,095",12.2,0,1,1,0,0,0,4,0,0.4,0.4,1.0,1.4,21,43,17,0.00,0.08,0.08,0.00,0.08,0.03,0.08,0.11,0.03,0.11,Matches
Levi Colwill,eng ENG,DF,Chelsea,22-039,2003,28,28,"2,519",28.0,1,1,2,1,0,0,7,0,0.7,0.7,1.1,1.8,10,109,7,0.04,0.04,0.07,0.04,0.07,0.03,0.04,0.06,0.03,0.06,Matches
Lewis Cook,eng ENG,"MF,DF",Bournemouth,28-062,1997,30,28,"2,572",28.6,1,3,4,1,0,0,7,0,0.9,0.9,4.1,5.0,33,147,46,0.03,0.10,0.14,0.03,0.14,0.03,0.14,0.17,0.03,0.17,Matches
Lewis Dunk,eng ENG,DF,Brighton,33-136,1991,21,19,"1,723",19.1,0,0,0,0,0,0,4,0,0.7,0.7,0.5,1.2,19,126,3,0.00,0.00,0.00,0.00,0.00,0.04,0.03,0.06,0.04,0.06,Matches
Lewis Hall,eng ENG,DF,Newcastle Utd,20-210,2004,27,24,"2,189",24.3,0,4,4,0,0,0,3,0,0.4,0.4,4.3,4.7,41,123,80,0.00,0.16,0.16,0.00,0.16,0.02,0.18,0.19,0.02,0.19,Matches
Lewis Miley,eng ENG,MF,Newcastle Utd,18-340,2006,9,1,193,2.1,1,0,1,1,0,0,0,0,0.5,0.5,0.0,0.6,1,12,4,0.47,0.00,0.47,0.47,0.47,0.25,0.01,0.27,0.25,0.27,Matches
Liam Delap,eng ENG,FW,Ipswich Town,22-057,2003,30,29,"2,324",25.8,12,2,14,10,2,2,8,0,9.0,7.4,1.9,9.2,57,29,100,0.46,0.08,0.54,0.39,0.46,0.35,0.07,0.42,0.29,0.36,Matches
Lisandro Martínez,ar ARG,DF,Manchester Utd,27-078,1998,20,20,"1,751",19.5,2,1,3,2,0,0,7,0,1.3,1.3,1.1,2.4,23,117,7,0.10,0.05,0.15,0.10,0.15,0.07,0.06,0.13,0.07,0.13,Matches
Lloyd Kelly,eng ENG,DF,Newcastle Utd,26-182,1998,10,4,303,3.4,0,1,1,0,0,0,2,0,0.4,0.4,0.5,0.9,0,9,5,0.00,0.30,0.30,0.00,0.30,0.12,0.14,0.26,0.12,0.26,Matches
Lucas Bergvall,se SWE,MF,Tottenham,19-063,2006,23,9,997,11.1,0,1,1,0,0,0,3,0,0.6,0.6,0.4,1.0,26,44,23,0.00,0.09,0.09,0.00,0.09,0.05,0.04,0.09,0.05,0.09,Matches
Lucas Digne,fr FRA,DF,Aston Villa,31-260,1993,29,26,"2,151",23.9,0,4,4,0,0,0,3,0,0.8,0.8,4.1,4.9,21,51,135,0.00,0.17,0.17,0.00,0.17,0.03,0.17,0.21,0.03,0.21,Matches
Lucas Paquetá,br BRA,"MF,FW",West Ham,27-222,1997,27,23,"1,987",22.1,4,0,4,2,2,2,7,0,5.1,3.5,2.3,5.8,16,114,77,0.18,0.00,0.18,0.09,0.09,0.23,0.10,0.33,0.16,0.26,Matches
Luis Díaz,co COL,FW,Liverpool,28-083,1997,29,23,"1,935",21.5,9,5,14,9,0,0,2,0,7.9,7.9,3.8,11.6,94,93,238,0.42,0.23,0.65,0.42,0.65,0.37,0.17,0.54,0.37,0.54,Matches
Luis Guilherme,br BRA,"MF,FW",West Ham,19-056,2006,9,1,109,1.2,0,0,0,0,0,0,0,0,0.1,0.1,0.1,0.2,3,3,11,0.00,0.00,0.00,0.00,0.00,0.08,0.07,0.15,0.08,0.15,Matches
Luis Sinisterra,co COL,"FW,MF",Bournemouth,25-293,1999,12,1,236,2.6,1,1,2,1,0,0,0,0,1.2,1.2,1.4,2.6,19,6,38,0.38,0.38,0.76,0.38,0.76,0.46,0.54,1.00,0.46,1.00,Matches
Luke Thomas,eng ENG,DF,Leicester City,23-300,2001,6,5,453,5.0,0,0,0,0,0,0,1,0,0.0,0.0,0.1,0.1,2,15,8,0.00,0.00,0.00,0.00,0.00,0.01,0.02,0.03,0.01,0.03,Matches
Luke Woolfenden,eng ENG,DF,Ipswich Town,26-167,1998,13,10,"1,007",11.2,0,0,0,0,0,0,2,0,0.0,0.0,0.0,0.0,7,15,0,0.00,0.00,0.00,0.00,0.00,0.00,0.00,0.00,0.00,0.00,Matches
Mads Hermansen,dk DEN,GK,Leicester City,24-269,2000,23,23,"2,025",22.5,0,0,0,0,0,0,0,0,0.0,0.0,0.0,0.0,0,1,0,0.00,0.00,0.00,0.00,0.00,0.00,0.00,0.00,0.00,0.00,Matches
Mads Roerslev,dk DEN,DF,Brentford,25-286,1999,19,11,"1,101",12.2,0,2,2,0,0,0,2,0,0.2,0.2,3.0,3.2,17,51,54,0.00,0.16,0.16,0.00,0.16,0.02,0.24,0.26,0.02,0.26,Matches
Malo Gusto,fr FRA,DF,Chelsea,21-322,2003,25,18,"1,641",18.2,0,1,1,0,0,0,3,0,1.7,1.7,1.0,2.7,42,97,74,0.00,0.05,0.05,0.00,0.05,0.09,0.05,0.15,0.09,0.15,Matches
Manuel Akanji,ch SUI,DF,Manchester City,29-261,1995,20,20,"1,707",19.0,0,0,0,0,0,0,3,0,0.7,0.7,0.4,1.1,38,135,6,0.00,0.00,0.00,0.00,0.00,0.04,0.02,0.06,0.04,0.06,Matches
Manuel Ugarte Ribeiro,uy URU,MF,Manchester Utd,23-360,2001,22,17,"1,372",15.2,1,0,1,1,0,0,8,0,0.5,0.5,0.6,1.1,9,46,15,0.07,0.00,0.07,0.07,0.07,0.03,0.04,0.07,0.03,0.07,Matches
Marc Cucurella,es ESP,DF,Chelsea,26-258,1998,28,26,"2,344",26.0,4,1,5,4,0,0,9,1,2.2,2.2,1.7,3.9,29,91,96,0.15,0.04,0.19,0.15,0.19,0.08,0.07,0.15,0.08,0.15,Matches
Marc Guéhi,eng ENG,DF,Crystal Palace,24-267,2000,29,29,"2,609",29.0,3,2,5,3,0,0,9,1,1.7,1.7,1.1,2.8,18,119,8,0.10,0.07,0.17,0.10,0.17,0.06,0.04,0.10,0.06,0.10,Matches
Marco Asensio,es ESP,"MF,FW",Aston Villa,29-075,1996,6,3,305,3.4,3,1,4,3,0,0,1,0,2.1,2.1,0.3,2.4,15,22,11,0.89,0.30,1.18,0.89,1.18,0.62,0.08,0.70,0.62,0.70,Matches
Marcos Senesi,ar ARG,DF,Bournemouth,27-331,1997,13,11,963,10.7,0,0,0,0,0,0,4,0,0.8,0.8,0.2,1.0,12,50,5,0.00,0.00,0.00,0.00,0.00,0.08,0.02,0.10,0.08,0.10,Matches
Marcus Rashford,eng ENG,"FW,MF",Manchester Utd,27-157,1997,15,12,978,10.9,4,1,5,4,0,0,2,0,1.7,1.7,2.1,3.8,20,21,79,0.37,0.09,0.46,0.37,0.46,0.16,0.19,0.35,0.16,0.35,Matches
Marcus Rashford,eng ENG,FW,Aston Villa,27-157,1997,7,2,295,3.3,1,2,3,1,0,0,0,0,1.3,1.3,2.0,3.3,16,12,36,0.31,0.61,0.92,0.31,0.92,0.40,0.60,1.00,0.40,1.00,Matches
Marcus Tavernier,eng ENG,"FW,MF",Bournemouth,26-015,1999,22,16,"1,505",16.7,3,5,8,3,0,0,5,0,5.2,5.2,2.8,8.0,36,95,101,0.18,0.30,0.48,0.18,0.48,0.31,0.17,0.48,0.31,0.48,Matches
Mario Lemina,ga GAB,"MF,DF",Wolves,31-217,1993,17,15,"1,364",15.2,1,3,4,1,0,0,4,0,1.4,1.4,1.1,2.5,8,48,21,0.07,0.20,0.26,0.07,0.26,0.09,0.07,0.17,0.09,0.17,Matches
Mark Flekken,nl NED,GK,Brentford,31-297,1993,29,29,"2,555",28.4,0,1,1,0,0,0,1,0,0.0,0.0,0.2,0.2,0,0,0,0.00,0.04,0.04,0.00,0.04,0.00,0.01,0.01,0.00,0.01,Matches
Mark Travers,ie IRL,GK,Bournemouth,25-323,1999,5,5,450,5.0,0,0,0,0,0,0,0,0,0.0,0.0,0.0,0.0,0,0,0,0.00,0.00,0.00,0.00,0.00,0.00,0.00,0.00,0.00,0.00,Matches
Marshall Munetsi,zw ZIM,"MF,FW",Wolves,28-288,1996,7,6,518,5.8,1,1,2,1,0,0,0,0,2.8,2.8,0.8,3.7,3,5,19,0.17,0.17,0.35,0.17,0.35,0.49,0.14,0.64,0.49,0.64,Matches
Martin Dúbravka,sk SVK,GK,Newcastle Utd,36-081,1989,10,10,900,10.0,0,0,0,0,0,0,0,0,0.0,0.0,0.0,0.0,0,0,0,0.00,0.00,0.00,0.00,0.00,0.00,0.00,0.00,0.00,0.00,Matches
Martin Ødegaard,no NOR,MF,Arsenal,26-110,1998,23,21,"1,836",20.4,2,4,6,1,1,1,3,0,4.2,3.4,4.1,7.5,66,192,125,0.10,0.20,0.29,0.05,0.25,0.20,0.20,0.41,0.17,0.37,Matches
Mason Mount,eng ENG,"MF,FW",Manchester Utd,26-086,1999,9,4,260,2.9,0,0,0,0,0,0,2,0,0.5,0.5,0.1,0.6,3,9,7,0.00,0.00,0.00,0.00,0.00,0.17,0.04,0.21,0.17,0.21,Matches
Massimo Luongo,au AUS,MF,Ipswich Town,32-193,1992,7,2,181,2.0,0,0,0,0,0,0,0,0,0.0,0.0,0.0,0.0,0,5,1,0.00,0.00,0.00,0.00,0.00,0.00,0.00,0.00,0.00,0.00,Matches
Mateo Kovačić,hr CRO,MF,Manchester City,30-335,1994,24,19,"1,681",18.7,4,1,5,4,0,0,5,0,1.4,1.4,3.4,4.8,44,122,14,0.21,0.05,0.27,0.21,0.27,0.08,0.18,0.26,0.08,0.26,Matches
Mateus Fernandes,pt POR,MF,Southampton,20-270,2004,28,26,"2,231",24.8,1,3,4,1,0,0,7,0,3.3,3.3,2.1,5.4,64,114,81,0.04,0.12,0.16,0.04,0.16,0.13,0.08,0.22,0.13,0.22,Matches
Matheus Cunha,br BRA,"MF,FW",Wolves,25-314,1999,26,24,"2,143",23.8,13,4,17,13,0,0,3,0,6.7,6.7,6.6,13.4,92,112,137,0.55,0.17,0.71,0.55,0.71,0.28,0.28,0.56,0.28,0.56,Matches
Matheus Nunes,pt POR,"DF,MF",Manchester City,26-222,1998,20,13,"1,134",12.6,0,4,4,0,0,0,3,0,0.5,0.5,3.3,3.9,46,52,134,0.00,0.32,0.32,0.00,0.32,0.04,0.27,0.31,0.04,0.31,Matches
Mathias Jensen,dk DEN,MF,Brentford,29-095,1996,16,8,736,8.2,0,1,1,0,0,0,1,0,0.2,0.2,1.5,1.7,6,52,25,0.00,0.12,0.12,0.00,0.12,0.03,0.18,0.21,0.03,0.21,Matches
Mathys Tel,fr FRA,FW,Tottenham,19-344,2005,5,4,308,3.4,0,0,0,0,0,0,0,0,0.8,0.8,0.1,0.9,8,4,17,0.00,0.00,0.00,0.00,0.00,0.24,0.03,0.27,0.24,0.27,Matches
Mats Wieffer,nl NED,MF,Brighton,25-141,1999,19,4,514,5.7,1,1,2,1,0,0,4,0,0.5,0.5,0.8,1.3,5,37,9,0.18,0.18,0.35,0.18,0.35,0.09,0.14,0.23,0.09,0.23,Matches
Matt Doherty,ie IRL,DF,Wolves,33-080,1992,24,20,"1,764",19.6,2,1,3,2,0,0,6,0,1.0,1.0,1.5,2.5,29,73,39,0.10,0.05,0.15,0.10,0.15,0.05,0.08,0.13,0.05,0.13,Matches
Matt O'Riley,dk DEN,MF,Brighton,24-136,2000,14,6,544,6.0,1,1,2,1,0,0,1,0,1.2,1.2,1.2,2.4,10,24,29,0.17,0.17,0.33,0.17,0.33,0.20,0.19,0.39,0.20,0.39,Matches
Matthijs de Ligt,nl NED,DF,Manchester Utd,25-237,1999,28,24,"2,089",23.2,2,0,2,2,0,0,3,0,2.5,2.5,0.3,2.8,7,55,6,0.09,0.00,0.09,0.09,0.09,0.11,0.01,0.12,0.11,0.12,Matches
Matty Cash,pl POL,DF,Aston Villa,27-242,1997,20,17,"1,476",16.4,1,1,2,1,0,0,6,0,0.3,0.3,1.1,1.3,39,32,53,0.06,0.06,0.12,0.06,0.12,0.02,0.07,0.08,0.02,0.08,Matches
Matz Sels,be BEL,GK,Nott'ham Forest,33-039,1992,31,31,"2,790",31.0,0,0,0,0,0,0,2,0,0.0,0.0,0.0,0.0,0,1,0,0.00,0.00,0.00,0.00,0.00,0.00,0.00,0.00,0.00,0.00,Matches
Max Kilman,eng ENG,DF,West Ham,27-318,1997,31,31,"2,718",30.2,0,1,1,0,0,0,3,0,1.4,1.4,1.0,2.4,26,99,5,0.00,0.03,0.03,0.00,0.03,0.05,0.03,0.08,0.05,0.08,Matches
Maxence Lacroix,fr FRA,DF,Crystal Palace,25-000,2000,27,27,"2,424",26.9,1,1,2,1,0,0,4,0,2.9,2.9,0.4,3.2,8,54,6,0.04,0.04,0.07,0.04,0.07,0.11,0.01,0.12,0.11,0.12,Matches
Michael Keane,eng ENG,DF,Everton,32-085,1993,10,9,813,9.0,2,0,2,2,0,0,4,0,0.4,0.4,0.1,0.5,1,12,3,0.22,0.00,0.22,0.22,0.22,0.05,0.01,0.06,0.05,0.06,Matches
Michail Antonio,jm JAM,FW,West Ham,35-009,1990,14,11,836,9.3,1,1,2,1,0,0,1,0,2.2,2.2,1.6,3.8,29,18,59,0.11,0.11,0.22,0.11,0.22,0.24,0.17,0.41,0.24,0.41,Matches
Micky van de Ven,nl NED,DF,Tottenham,23-352,2001,11,10,905,10.1,0,2,2,0,0,0,4,0,0.6,0.6,1.2,1.7,8,47,1,0.00,0.20,0.20,0.00,0.20,0.06,0.12,0.17,0.06,0.17,Matches
Miguel Almirón,py PAR,FW,Newcastle Utd,31-055,1994,9,1,157,1.7,0,0,0,0,0,0,0,0,0.5,0.5,0.3,0.8,3,6,18,0.00,0.00,0.00,0.00,0.00,0.30,0.15,0.45,0.30,0.45,Matches
Mikel Merino,es ESP,"MF,FW",Arsenal,28-288,1996,23,14,"1,329",14.8,6,1,7,6,0,0,2,0,3.9,3.9,1.4,5.3,8,60,81,0.41,0.07,0.47,0.41,0.47,0.26,0.09,0.36,0.26,0.36,Matches
Mikey Moore,eng ENG,"FW,MF",Tottenham,17-238,2007,7,2,185,2.1,0,1,1,0,0,0,0,0,0.2,0.2,0.3,0.5,9,7,30,0.00,0.49,0.49,0.00,0.49,0.10,0.16,0.26,0.10,0.26,Matches
Mikkel Damsgaard,dk DEN,"MF,FW",Brentford,24-277,2000,30,26,"2,248",25.0,2,10,12,2,0,0,2,0,2.4,2.4,7.2,9.6,59,191,107,0.08,0.40,0.48,0.08,0.48,0.10,0.29,0.39,0.10,0.39,Matches
Milos Kerkez,hu HUN,DF,Bournemouth,21-150,2003,31,31,"2,717",30.2,2,5,7,2,0,0,4,0,0.5,0.5,3.2,3.7,84,129,151,0.07,0.17,0.23,0.07,0.23,0.02,0.11,0.12,0.02,0.12,Matches
Mohamed Salah,eg EGY,FW,Liverpool,32-295,1992,30,30,"2,657",29.5,27,17,44,18,9,9,1,0,22.1,15.0,11.2,26.2,124,114,375,0.91,0.58,1.49,0.61,1.19,0.75,0.38,1.13,0.51,0.89,Matches
Mohammed Kudus,gh GHA,"FW,MF",West Ham,24-247,2000,25,25,"2,077",23.1,3,2,5,3,0,0,1,1,5.9,5.9,2.3,8.1,81,64,175,0.13,0.09,0.22,0.13,0.22,0.25,0.10,0.35,0.25,0.35,Matches
Moisés Caicedo,ec ECU,MF,Chelsea,23-155,2001,30,30,"2,631",29.2,1,2,3,1,0,0,9,0,0.6,0.6,2.6,3.2,33,156,28,0.03,0.07,0.10,0.03,0.10,0.02,0.09,0.11,0.02,0.11,Matches
Morato,br BRA,DF,Nott'ham Forest,23-280,2001,22,5,754,8.4,0,0,0,0,0,0,2,0,0.2,0.2,0.0,0.2,0,14,1,0.00,0.00,0.00,0.00,0.00,0.02,0.00,0.02,0.02,0.02,Matches
Morgan Gibbs-White,eng ENG,MF,Nott'ham Forest,25-069,2000,27,27,"2,198",24.4,5,7,12,5,0,0,8,1,4.2,4.2,4.4,8.5,60,137,109,0.20,0.29,0.49,0.20,0.49,0.17,0.18,0.35,0.17,0.35,Matches
Morgan Rogers,eng ENG,"FW,MF",Aston Villa,22-254,2002,30,30,"2,513",27.9,8,6,14,8,0,0,8,0,5.7,5.7,6.1,11.9,94,100,150,0.29,0.21,0.50,0.29,0.50,0.20,0.22,0.42,0.20,0.42,Matches
Murillo,br BRA,DF,Nott'ham Forest,22-276,2002,30,30,"2,658",29.5,1,0,1,1,0,0,5,0,1.2,1.2,1.1,2.3,16,97,4,0.03,0.00,0.03,0.03,0.03,0.04,0.04,0.08,0.04,0.08,Matches
Mykhailo Mudryk,ua UKR,FW,Chelsea,24-091,2001,7,1,151,1.7,0,0,0,0,0,0,0,0,0.3,0.3,1.0,1.2,7,5,12,0.00,0.00,0.00,0.00,0.00,0.15,0.58,0.73,0.15,0.73,Matches
Myles Lewis-Skelly,eng ENG,DF,Arsenal,18-192,2006,16,11,930,10.3,1,0,1,1,0,0,2,2,0.0,0.0,0.3,0.3,23,49,24,0.10,0.00,0.10,0.10,0.10,0.00,0.03,0.03,0.00,0.03,Matches
Nathan Aké,nl NED,DF,Manchester City,30-047,1995,10,8,678,7.5,0,0,0,0,0,0,0,0,0.2,0.2,0.0,0.2,12,50,2,0.00,0.00,0.00,0.00,0.00,0.03,0.00,0.03,0.03,0.03,Matches
Nathan Broadhead,wls WAL,"MF,FW",Ipswich Town,27-001,1998,15,6,590,6.6,1,0,1,1,0,0,1,0,1.5,1.5,0.6,2.1,15,11,25,0.15,0.00,0.15,0.15,0.15,0.23,0.10,0.33,0.23,0.33,Matches
Nathan Collins,ie IRL,DF,Brentford,23-341,2001,30,30,"2,700",30.0,2,1,3,2,0,0,4,0,2.3,2.3,1.4,3.7,24,105,17,0.07,0.03,0.10,0.07,0.10,0.08,0.05,0.12,0.08,0.12,Matches
Nathan Patterson,sct SCO,"DF,FW",Everton,23-172,2001,8,1,203,2.3,0,0,0,0,0,0,0,0,0.1,0.1,0.3,0.4,5,7,7,0.00,0.00,0.00,0.00,0.00,0.03,0.15,0.18,0.03,0.18,Matches
Nathan Wood-Gordon,eng ENG,DF,Southampton,22-310,2002,9,7,624,6.9,0,0,0,0,0,0,2,0,0.2,0.2,0.0,0.3,2,17,0,0.00,0.00,0.00,0.00,0.00,0.03,0.00,0.04,0.03,0.04,Matches
Nathaniel Clyne,eng ENG,"DF,MF",Crystal Palace,34-001,1991,12,5,455,5.1,0,0,0,0,0,0,1,0,0.0,0.0,0.3,0.3,6,7,8,0.00,0.00,0.00,0.00,0.00,0.00,0.06,0.06,0.00,0.06,Matches
Neco Williams,wls WAL,DF,Nott'ham Forest,23-358,2001,28,21,"1,964",21.8,1,2,3,1,0,0,5,0,2.1,2.1,1.4,3.4,50,67,75,0.05,0.09,0.14,0.05,0.14,0.09,0.06,0.16,0.09,0.16,Matches
Neto,br BRA,GK,Bournemouth,35-261,1989,2,2,180,2.0,0,0,0,0,0,0,0,0,0.0,0.0,0.0,0.0,0,0,0,0.00,0.00,0.00,0.00,0.00,0.00,0.00,0.00,0.00,0.00,Matches
Nick Pope,eng ENG,GK,Newcastle Utd,32-352,1992,19,19,"1,710",19.0,0,0,0,0,0,0,2,0,0.0,0.0,0.0,0.0,0,0,0,0.00,0.00,0.00,0.00,0.00,0.00,0.00,0.00,0.00,0.00,Matches
Niclas Füllkrug,de GER,FW,West Ham,32-056,1993,11,3,452,5.0,3,1,4,3,0,0,2,0,1.7,1.7,1.5,3.2,4,5,15,0.60,0.20,0.80,0.60,0.80,0.34,0.30,0.64,0.34,0.64,Matches
Nico O’Reilly,eng ENG,"DF,MF",Manchester City,20-016,2005,3,1,113,1.3,0,0,0,0,0,0,0,0,0.1,0.1,0.0,0.2,7,4,4,0.00,0.00,0.00,0.00,0.00,0.11,0.01,0.12,0.11,0.12,Matches
Nicolas Jackson,sn SEN,FW,Chelsea,23-290,2001,24,23,"1,817",20.2,9,5,14,9,0,0,6,0,11.5,11.5,4.0,15.5,41,29,96,0.45,0.25,0.69,0.45,0.69,0.57,0.20,0.77,0.57,0.77,Matches
Nicolás Domínguez,ar ARG,"MF,FW",Nott'ham Forest,26-282,1998,27,17,"1,493",16.6,0,0,0,0,0,0,8,0,1.4,1.4,1.2,2.6,12,58,23,0.00,0.00,0.00,0.00,0.00,0.08,0.07,0.16,0.08,0.16,Matches
Nicolás González,es ESP,MF,Manchester City,23-093,2002,6,6,480,5.3,0,0,0,0,0,0,2,0,0.2,0.2,0.1,0.3,5,33,8,0.00,0.00,0.00,0.00,0.00,0.04,0.01,0.06,0.04,0.06,Matches
Nikola Milenković,rs SRB,DF,Nott'ham Forest,27-176,1997,30,30,"2,700",30.0,4,2,6,4,0,0,4,0,3.6,3.6,0.8,4.4,3,43,5,0.13,0.07,0.20,0.13,0.20,0.12,0.03,0.15,0.12,0.15,Matches
Noni Madueke,eng ENG,FW,Chelsea,23-027,2002,24,19,"1,476",16.4,7,3,10,7,0,0,3,0,7.6,7.6,3.6,11.2,111,55,180,0.43,0.18,0.61,0.43,0.61,0.46,0.22,0.68,0.46,0.68,Matches
Noussair Mazraoui,ma MAR,DF,Manchester Utd,27-143,1997,30,27,"2,308",25.6,0,1,1,0,0,0,2,0,0.6,0.6,1.3,1.9,34,96,44,0.00,0.04,0.04,0.00,0.04,0.02,0.05,0.07,0.02,0.07,Matches
Nélson Semedo,pt POR,DF,Wolves,31-141,1993,27,26,"2,325",25.8,0,4,4,0,0,0,7,0,0.7,0.7,2.6,3.3,60,61,99,0.00,0.15,0.15,0.00,0.15,0.03,0.10,0.13,0.03,0.13,Matches
Odsonne Édouard,fr FRA,"MF,FW",Crystal Palace,27-080,1998,2,1,115,1.3,0,0,0,0,0,0,0,0,0.4,0.4,0.0,0.4,2,4,7,0.00,0.00,0.00,0.00,0.00,0.31,0.04,0.34,0.31,0.34,Matches
Ola Aina,ng NGA,DF,Nott'ham Forest,28-180,1996,30,30,"2,569",28.5,2,1,3,2,0,0,2,0,0.6,0.6,0.7,1.3,54,91,52,0.07,0.04,0.11,0.07,0.11,0.02,0.03,0.05,0.02,0.05,Matches
Oleksandr Zinchenko,ua UKR,"DF,MF",Arsenal,28-112,1996,10,2,299,3.3,0,0,0,0,0,0,1,0,0.2,0.2,0.0,0.2,7,21,7,0.00,0.00,0.00,0.00,0.00,0.05,0.01,0.05,0.05,0.05,Matches
Oliver Scarles,eng ENG,DF,West Ham,19-115,2005,12,5,527,5.9,0,0,0,0,0,0,1,0,0.1,0.1,0.0,0.1,9,20,38,0.00,0.00,0.00,0.00,0.00,0.02,0.00,0.02,0.02,0.02,Matches
Oliver Skipp,eng ENG,MF,Leicester City,24-202,2000,17,7,824,9.2,0,0,0,0,0,0,5,0,0.1,0.1,0.2,0.3,14,23,14,0.00,0.00,0.00,0.00,0.00,0.01,0.02,0.04,0.01,0.04,Matches
Ollie Watkins,eng ENG,FW,Aston Villa,29-097,1995,31,26,"2,142",23.8,13,6,19,11,2,2,1,0,13.9,12.3,2.7,14.9,47,22,133,0.55,0.25,0.80,0.46,0.71,0.58,0.11,0.69,0.52,0.63,Matches
Omar Marmoush,eg EGY,"MF,FW",Manchester City,26-058,1999,8,7,565,6.3,5,0,5,5,0,0,0,0,2.6,2.6,1.0,3.6,12,17,40,0.80,0.00,0.80,0.80,0.80,0.41,0.16,0.57,0.41,0.57,Matches
Omari Hutchinson,eng ENG,"MF,FW",Ipswich Town,21-158,2003,27,26,"2,223",24.7,3,2,5,3,0,0,5,0,2.3,2.3,2.5,4.8,71,69,131,0.12,0.08,0.20,0.12,0.20,0.09,0.10,0.19,0.09,0.19,Matches
Orel Mangala,be BEL,MF,Everton,27-019,1998,19,14,"1,261",14.0,1,0,1,1,0,0,2,0,1.1,1.1,0.6,1.8,6,34,19,0.07,0.00,0.07,0.07,0.07,0.08,0.05,0.13,0.08,0.13,Matches
Pablo Sarabia,es ESP,"MF,FW",Wolves,32-330,1992,17,6,610,6.8,2,2,4,2,0,0,2,0,2.6,2.6,1.5,4.1,11,46,47,0.30,0.30,0.59,0.30,0.59,0.38,0.22,0.60,0.38,0.60,Matches
Pape Matar Sarr,sn SEN,MF,Tottenham,22-204,2002,28,16,"1,423",15.8,3,2,5,3,0,0,6,0,3.1,3.1,1.5,4.7,27,73,41,0.19,0.13,0.32,0.19,0.32,0.20,0.10,0.30,0.20,0.30,Matches
Patrick Dorgu,dk DEN,DF,Manchester Utd,20-162,2004,4,4,312,3.5,0,0,0,0,0,0,1,1,0.3,0.3,0.3,0.6,17,12,38,0.00,0.00,0.00,0.00,0.00,0.09,0.08,0.17,0.09,0.17,Matches
Patson Daka,zm ZAM,"FW,MF",Leicester City,26-179,1998,17,4,542,6.0,1,0,1,1,0,0,0,0,0.8,0.8,0.0,0.8,5,8,27,0.17,0.00,0.17,0.17,0.17,0.13,0.00,0.13,0.13,0.13,Matches
Pau Torres,es ESP,DF,Aston Villa,28-080,1997,19,19,"1,639",18.2,0,0,0,0,0,0,1,0,0.5,0.5,0.0,0.5,31,72,4,0.00,0.00,0.00,0.00,0.00,0.03,0.00,0.03,0.03,0.03,Matches
Paul Onuachu,ng NGA,FW,Southampton,30-313,1994,20,9,853,9.5,4,1,5,4,0,0,3,0,3.2,3.2,0.5,3.7,7,12,35,0.42,0.11,0.53,0.42,0.53,0.34,0.05,0.39,0.34,0.39,Matches
Pedro Neto,pt POR,FW,Chelsea,25-028,2000,27,17,"1,621",18.0,3,4,7,3,0,0,8,0,2.1,2.1,4.5,6.6,93,42,162,0.17,0.22,0.39,0.17,0.39,0.12,0.25,0.37,0.12,0.37,Matches
Pedro Porro,es ESP,DF,Tottenham,25-205,1999,29,24,"2,283",25.4,2,5,7,2,0,0,3,0,1.5,1.5,3.2,4.7,57,129,94,0.08,0.20,0.28,0.08,0.28,0.06,0.13,0.18,0.06,0.18,Matches
Pervis Estupiñán,ec ECU,DF,Brighton,27-075,1998,24,20,"1,862",20.7,1,1,2,1,0,0,3,0,0.7,0.7,1.9,2.6,47,88,93,0.05,0.05,0.10,0.05,0.10,0.04,0.09,0.13,0.04,0.13,Matches
Phil Foden,eng ENG,"MF,FW",Manchester City,24-313,2000,24,18,"1,629",18.1,7,2,9,7,0,0,2,0,4.9,4.9,4.7,9.5,46,94,116,0.39,0.11,0.50,0.39,0.50,0.27,0.26,0.53,0.27,0.53,Matches
Philip Billing,dk DEN,MF,Bournemouth,28-299,1996,10,1,184,2.0,0,0,0,0,0,0,1,0,0.6,0.6,1.1,1.7,3,15,13,0.00,0.00,0.00,0.00,0.00,0.28,0.54,0.82,0.28,0.82,Matches
Radu Drăgușin,ro ROU,DF,Tottenham,23-062,2002,16,14,"1,252",13.9,0,0,0,0,0,0,1,0,0.1,0.1,0.4,0.5,7,37,2,0.00,0.00,0.00,0.00,0.00,0.01,0.03,0.04,0.01,0.04,Matches
Raheem Sterling,eng ENG,"FW,MF",Arsenal,30-119,1994,13,5,355,3.9,0,2,2,0,0,0,1,0,1.3,1.3,0.4,1.7,21,15,63,0.00,0.51,0.51,0.00,0.51,0.33,0.10,0.43,0.33,0.43,Matches
Ramón Sosa,py PAR,"FW,MF",Nott'ham Forest,25-218,1999,16,1,263,2.9,1,0,1,1,0,0,1,0,0.9,0.9,0.5,1.4,12,4,15,0.34,0.00,0.34,0.34,0.34,0.32,0.17,0.49,0.32,0.49,Matches
Rasmus Højlund,dk DEN,FW,Manchester Utd,22-061,2003,25,17,"1,479",16.4,3,0,3,3,0,0,2,0,3.0,3.0,1.2,4.2,23,14,76,0.18,0.00,0.18,0.18,0.18,0.18,0.07,0.25,0.18,0.25,Matches
Rayan Aït-Nouri,dz ALG,DF,Wolves,23-304,2001,30,30,"2,549",28.3,3,5,8,3,0,0,6,1,2.3,2.3,3.5,5.8,68,95,146,0.11,0.18,0.28,0.11,0.28,0.08,0.12,0.20,0.08,0.20,Matches
Raúl Jiménez,mx MEX,FW,Fulham,33-336,1991,30,24,"1,912",21.2,10,3,13,7,3,3,3,0,10.4,8.1,2.8,10.8,30,45,107,0.47,0.14,0.61,0.33,0.47,0.49,0.13,0.62,0.38,0.51,Matches
Reece James,eng ENG,"DF,MF",Chelsea,25-119,1999,12,8,690,7.7,1,0,1,1,0,0,1,0,0.2,0.2,0.3,0.4,5,42,8,0.13,0.00,0.13,0.13,0.13,0.02,0.04,0.06,0.02,0.06,Matches
Reiss Nelson,eng ENG,FW,Fulham,25-117,1999,11,5,487,5.4,1,1,2,1,0,0,1,0,1.1,1.1,1.0,2.1,45,35,63,0.18,0.18,0.37,0.18,0.37,0.20,0.18,0.39,0.20,0.39,Matches
Renato Veiga,pt POR,"DF,MF",Chelsea,21-251,2003,7,1,181,2.0,0,0,0,0,0,0,2,0,0.1,0.1,0.0,0.1,4,7,3,0.00,0.00,0.00,0.00,0.00,0.07,0.00,0.07,0.07,0.07,Matches
Ricardo Pereira,pt POR,"DF,MF",Leicester City,31-182,1993,4,2,168,1.9,0,0,0,0,0,0,1,0,0.1,0.1,0.0,0.1,2,7,4,0.00,0.00,0.00,0.00,0.00,0.05,0.00,0.05,0.05,0.05,Matches
Riccardo Calafiori,it ITA,DF,Arsenal,22-322,2002,17,11,925,10.3,2,1,3,2,0,0,4,0,0.9,0.9,0.3,1.1,21,54,29,0.19,0.10,0.29,0.19,0.29,0.08,0.03,0.11,0.08,0.11,Matches
Richarlison,br BRA,FW,Tottenham,27-331,1997,9,2,279,3.1,2,1,3,2,0,0,1,0,1.2,1.2,0.9,2.1,8,10,17,0.65,0.32,0.97,0.65,0.97,0.38,0.29,0.67,0.38,0.67,Matches
Rico Lewis,eng ENG,"DF,MF",Manchester City,20-136,2004,24,19,"1,703",18.9,1,2,3,1,0,0,5,1,1.4,1.4,0.3,1.7,36,97,63,0.05,0.11,0.16,0.05,0.16,0.07,0.02,0.09,0.07,0.09,Matches
Robert Sánchez,es ESP,GK,Chelsea,27-139,1997,24,24,"2,160",24.0,0,0,0,0,0,0,5,0,0.0,0.0,0.0,0.0,0,1,0,0.00,0.00,0.00,0.00,0.00,0.00,0.00,0.00,0.00,0.00,Matches
Robin Olsen,se SWE,GK,Aston Villa,35-088,1990,3,1,180,2.0,0,0,0,0,0,0,0,0,0.0,0.0,0.0,0.0,0,0,0,0.00,0.00,0.00,0.00,0.00,0.00,0.00,0.00,0.00,0.00,Matches
Rodrigo Bentancur,uy URU,MF,Tottenham,27-285,1997,20,17,"1,336",14.8,2,0,2,2,0,0,7,0,1.3,1.3,0.4,1.7,21,82,27,0.13,0.00,0.13,0.13,0.13,0.09,0.03,0.12,0.09,0.12,Matches
Rodrigo Gomes,pt POR,"DF,FW",Wolves,21-273,2003,18,6,595,6.6,1,0,1,1,0,0,0,0,0.4,0.4,0.8,1.2,19,23,57,0.15,0.00,0.15,0.15,0.15,0.05,0.12,0.18,0.05,0.18,Matches
Rodrigo Muniz,br BRA,FW,Fulham,23-337,2001,29,6,833,9.3,7,1,8,7,0,0,1,0,5.2,5.2,0.7,6.0,4,25,30,0.76,0.11,0.86,0.76,0.86,0.57,0.08,0.65,0.57,0.65,Matches
Roméo Lavia,be BEL,MF,Chelsea,21-090,2004,11,8,541,6.0,0,1,1,0,0,0,4,0,0.2,0.2,0.7,0.9,3,18,6,0.00,0.17,0.17,0.00,0.17,0.03,0.11,0.14,0.03,0.14,Matches
Ross Barkley,eng ENG,MF,Aston Villa,31-122,1993,16,3,554,6.2,3,1,4,3,0,0,3,0,1.7,1.7,0.6,2.3,14,32,8,0.49,0.16,0.65,0.49,0.65,0.27,0.09,0.37,0.27,0.37,Matches
Ross Stewart,sct SCO,"FW,MF",Southampton,28-269,1996,4,1,132,1.5,0,0,0,0,0,0,1,0,0.1,0.1,0.0,0.1,1,1,5,0.00,0.00,0.00,0.00,0.00,0.08,0.00,0.08,0.08,0.08,Matches
Ryan Christie,sct SCO,MF,Bournemouth,30-043,1995,29,27,"2,117",23.5,2,3,5,2,0,0,9,0,1.8,1.8,3.5,5.4,34,137,44,0.09,0.13,0.21,0.09,0.21,0.08,0.15,0.23,0.08,0.23,Matches
Ryan Fraser,sct SCO,"FW,DF",Southampton,31-041,1994,8,4,306,3.4,0,0,0,0,0,0,0,1,0.0,0.0,0.1,0.1,10,8,18,0.00,0.00,0.00,0.00,0.00,0.01,0.03,0.04,0.01,0.04,Matches
Ryan Gravenberch,nl NED,MF,Liverpool,22-325,2002,30,30,"2,561",28.5,0,2,2,0,0,0,5,0,0.9,0.9,2.8,3.7,56,144,48,0.00,0.07,0.07,0.00,0.07,0.03,0.10,0.13,0.03,0.13,Matches
Ryan Manning,ie IRL,"DF,MF",Southampton,28-296,1996,18,13,"1,051",11.7,0,0,0,0,0,0,2,0,0.3,0.3,2.6,2.9,12,17,58,0.00,0.00,0.00,0.00,0.00,0.03,0.22,0.25,0.03,0.25,Matches
Ryan Sessegnon,eng ENG,"DF,MF",Fulham,24-323,2000,8,1,110,1.2,2,1,3,2,0,0,0,0,0.7,0.7,0.5,1.2,5,2,11,1.64,0.82,2.45,1.64,2.45,0.60,0.41,1.00,0.60,1.00,Matches
Ryan Yates,eng ENG,MF,Nott'ham Forest,27-136,1997,28,17,"1,726",19.2,2,1,3,2,0,0,8,0,2.2,2.2,1.1,3.3,17,45,12,0.10,0.05,0.16,0.10,0.16,0.12,0.06,0.17,0.12,0.17,Matches
Rúben Dias,pt POR,DF,Manchester City,27-327,1997,19,17,"1,551",17.2,0,0,0,0,0,0,3,0,1.3,1.3,0.3,1.5,30,97,6,0.00,0.00,0.00,0.00,0.00,0.07,0.01,0.09,0.07,0.09,Matches
Sam Johnstone,eng ENG,GK,Wolves,32-012,1993,7,7,630,7.0,0,0,0,0,0,0,0,0,0.0,0.0,0.0,0.0,0,0,0,0.00,0.00,0.00,0.00,0.00,0.00,0.00,0.00,0.00,0.00,Matches
Sam Morsy,eg EGY,MF,Ipswich Town,33-208,1991,26,24,"2,150",23.9,1,1,2,1,0,0,8,0,0.3,0.3,0.7,1.1,13,98,9,0.04,0.04,0.08,0.04,0.08,0.01,0.03,0.04,0.01,0.04,Matches
Sammie Szmodics,ie IRL,"FW,MF",Ipswich Town,29-194,1995,19,13,979,10.9,4,0,4,4,0,0,2,0,3.4,3.4,0.2,3.6,16,18,46,0.37,0.00,0.37,0.37,0.37,0.31,0.02,0.33,0.31,0.33,Matches
Sander Berge,no NOR,MF,Fulham,27-051,1998,23,19,"1,734",19.3,0,0,0,0,0,0,4,0,0.2,0.2,0.6,0.7,19,91,6,0.00,0.00,0.00,0.00,0.00,0.01,0.03,0.04,0.01,0.04,Matches
Sandro Tonali,it ITA,MF,Newcastle Utd,24-333,2000,27,19,"1,820",20.2,2,1,3,2,0,0,5,0,3.2,3.2,0.6,3.8,29,83,38,0.10,0.05,0.15,0.10,0.15,0.16,0.03,0.19,0.16,0.19,Matches
Santiago Bueno,uy URU,DF,Wolves,26-148,1998,24,17,"1,536",17.1,0,0,0,0,0,0,2,0,0.4,0.4,0.0,0.4,1,27,1,0.00,0.00,0.00,0.00,0.00,0.03,0.00,0.03,0.03,0.03,Matches
Saša Lukić,rs SRB,MF,Fulham,28-236,1996,23,22,"1,804",20.0,0,2,2,0,0,0,11,0,0.8,0.8,2.6,3.4,32,75,23,0.00,0.10,0.10,0.00,0.10,0.04,0.13,0.17,0.04,0.17,Matches
Sean Longstaff,eng ENG,MF,Newcastle Utd,27-158,1997,21,8,746,8.3,0,0,0,0,0,0,2,0,0.6,0.6,0.2,0.8,4,38,20,0.00,0.00,0.00,0.00,0.00,0.07,0.02,0.09,0.07,0.09,Matches
Sepp van den Berg,nl NED,DF,Brentford,23-107,2001,23,21,"1,866",20.7,0,0,0,0,0,0,1,0,0.8,0.8,0.2,1.0,7,54,26,0.00,0.00,0.00,0.00,0.00,0.04,0.01,0.05,0.04,0.05,Matches
Sergio Reguilón,es ESP,DF,Tottenham,28-111,1996,3,0,123,1.4,0,0,0,0,0,0,2,0,0.1,0.1,0.0,0.1,4,12,10,0.00,0.00,0.00,0.00,0.00,0.05,0.02,0.07,0.05,0.07,Matches
Simon Adingra,ci CIV,"FW,MF",Brighton,23-095,2002,22,7,743,8.3,2,1,3,2,0,0,0,0,1.6,1.6,1.4,3.0,27,12,96,0.24,0.12,0.36,0.24,0.36,0.19,0.17,0.36,0.19,0.36,Matches
Son Heung-min,kr KOR,FW,Tottenham,32-272,1992,27,22,"1,948",21.6,7,9,16,6,1,2,1,0,7.0,5.4,8.1,13.5,84,99,250,0.32,0.42,0.74,0.28,0.69,0.32,0.37,0.70,0.25,0.62,Matches
Stefan Ortega,de GER,GK,Manchester City,32-151,1992,10,10,900,10.0,0,0,0,0,0,0,1,0,0.0,0.0,0.0,0.0,0,0,0,0.00,0.00,0.00,0.00,0.00,0.00,0.00,0.00,0.00,0.00,Matches
Stephy Mavididi,eng ENG,FW,Leicester City,26-310,1998,27,14,"1,397",15.5,3,1,4,3,0,0,2,0,1.6,1.6,2.4,4.0,75,53,118,0.19,0.06,0.26,0.19,0.26,0.10,0.16,0.26,0.10,0.26,Matches
Sven Botman,nl NED,DF,Newcastle Utd,25-084,2000,3,3,224,2.5,0,0,0,0,0,0,1,0,0.0,0.0,0.0,0.0,0,3,0,0.00,0.00,0.00,0.00,0.00,0.01,0.00,0.01,0.01,0.01,Matches
Sávio,br BRA,"FW,MF",Manchester City,20-361,2004,25,20,"1,648",18.3,1,8,9,1,0,0,3,0,4.8,4.8,6.6,11.4,129,65,226,0.05,0.44,0.49,0.05,0.49,0.26,0.36,0.62,0.26,0.62,Matches
Séamus Coleman,ie IRL,DF,Everton,36-177,1988,3,2,197,2.2,0,0,0,0,0,0,1,0,0.6,0.6,0.0,0.6,1,8,2,0.00,0.00,0.00,0.00,0.00,0.26,0.00,0.26,0.26,0.26,Matches
Taiwo Awoniyi,ng NGA,FW,Nott'ham Forest,27-237,1997,23,3,363,4.0,1,0,1,1,0,0,0,0,2.1,2.1,0.1,2.2,6,7,19,0.25,0.00,0.25,0.25,0.25,0.52,0.03,0.55,0.52,0.55,Matches
Tariq Lamptey,gh GHA,DF,Brighton,24-188,2000,13,9,765,8.5,2,2,4,2,0,0,0,0,0.4,0.4,0.8,1.2,25,12,40,0.24,0.24,0.47,0.24,0.47,0.05,0.09,0.14,0.05,0.14,Matches
Taylor Harwood-Bellis,eng ENG,DF,Southampton,23-066,2002,27,25,"2,210",24.6,1,0,1,1,0,0,7,0,1.7,1.7,0.8,2.6,26,104,8,0.04,0.00,0.04,0.04,0.04,0.07,0.03,0.10,0.07,0.10,Matches
Thiago,br BRA,FW,Brentford,23-284,2001,4,1,132,1.5,0,0,0,0,0,0,0,0,0.1,0.1,0.1,0.2,3,2,4,0.00,0.00,0.00,0.00,0.00,0.07,0.05,0.11,0.07,0.11,Matches
Thomas Partey,gh GHA,"MF,DF",Arsenal,31-297,1993,29,25,"2,279",25.3,3,2,5,3,0,0,4,0,1.8,1.8,1.9,3.7,30,155,38,0.12,0.08,0.20,0.12,0.20,0.07,0.08,0.15,0.07,0.15,Matches
Tim Iroegbunam,eng ENG,MF,Everton,21-280,2003,15,5,554,6.2,0,1,1,0,0,0,3,0,0.2,0.2,0.2,0.4,8,14,9,0.00,0.16,0.16,0.00,0.16,0.04,0.03,0.07,0.04,0.07,Matches
Timo Werner,de GER,"FW,MF",Tottenham,29-031,1996,18,4,516,5.7,0,3,3,0,0,0,0,0,1.0,1.0,2.5,3.5,42,30,89,0.00,0.52,0.52,0.00,0.52,0.17,0.44,0.61,0.17,0.61,Matches
Timothy Castagne,be BEL,DF,Fulham,29-122,1995,20,15,"1,432",15.9,0,1,1,0,0,0,1,0,0.4,0.4,1.2,1.6,16,57,65,0.00,0.06,0.06,0.00,0.06,0.02,0.08,0.10,0.02,0.10,Matches
Toby Collyer,eng ENG,MF,Manchester Utd,21-093,2004,6,0,179,2.0,0,0,0,0,0,0,0,0,0.2,0.2,0.3,0.4,0,5,2,0.00,0.00,0.00,0.00,0.00,0.09,0.13,0.22,0.09,0.22,Matches
Tom Cairney,sct SCO,MF,Fulham,34-076,1991,19,2,438,4.9,1,0,1,1,0,0,2,1,0.1,0.1,0.7,0.9,13,45,21,0.21,0.00,0.21,0.21,0.21,0.03,0.14,0.17,0.03,0.17,Matches
Tommy Doyle,eng ENG,MF,Wolves,23-171,2001,24,3,488,5.4,0,1,1,0,0,0,1,0,0.6,0.6,0.5,1.1,6,40,4,0.00,0.18,0.18,0.00,0.18,0.10,0.09,0.20,0.10,0.20,Matches
Tomáš Souček,cz CZE,MF,West Ham,30-038,1995,29,25,"2,150",23.9,7,1,8,7,0,0,8,0,5.3,5.3,1.0,6.3,6,66,58,0.29,0.04,0.33,0.29,0.33,0.22,0.04,0.26,0.22,0.26,Matches
Tosin Adarabioyo,eng ENG,DF,Chelsea,27-194,1997,17,11,"1,092",12.1,1,1,2,1,0,0,2,0,0.9,0.9,0.2,1.1,5,30,1,0.08,0.08,0.16,0.08,0.16,0.07,0.02,0.09,0.07,0.09,Matches
Toti Gomes,pt POR,DF,Wolves,26-080,1999,24,23,"1,984",22.0,0,1,1,0,0,0,4,0,0.7,0.7,0.9,1.6,20,62,12,0.00,0.05,0.05,0.00,0.05,0.03,0.04,0.07,0.03,0.07,Matches
Trent Alexander-Arnold,eng ENG,DF,Liverpool,26-181,1998,28,26,"2,145",23.8,2,6,8,2,0,0,4,0,1.6,1.6,6.7,8.3,48,204,87,0.08,0.25,0.34,0.08,0.34,0.07,0.28,0.35,0.07,0.35,Matches
Trevoh Chalobah,eng ENG,DF,Crystal Palace,25-275,1999,12,12,"1,060",11.8,3,0,3,3,0,0,1,0,1.2,1.2,0.4,1.6,11,34,6,0.25,0.00,0.25,0.25,0.25,0.10,0.03,0.14,0.10,0.14,Matches
Trevoh Chalobah,eng ENG,DF,Chelsea,25-275,1999,7,5,386,4.3,0,1,1,0,0,0,1,0,0.2,0.2,1.1,1.3,2,16,0,0.00,0.23,0.23,0.00,0.23,0.05,0.26,0.31,0.05,0.31,Matches
Tyler Adams,us USA,MF,Bournemouth,26-051,1999,21,14,"1,380",15.3,0,3,3,0,0,0,4,0,1.2,1.2,0.8,2.0,10,54,7,0.00,0.20,0.20,0.00,0.20,0.08,0.05,0.13,0.08,0.13,Matches
Tyler Dibling,eng ENG,"FW,MF",Southampton,19-025,2006,26,17,"1,550",17.2,2,0,2,2,0,0,6,0,2.4,2.4,1.4,3.8,60,54,80,0.12,0.00,0.12,0.12,0.12,0.14,0.08,0.22,0.14,0.22,Matches
Tyrell Malacia,nl NED,DF,Manchester Utd,25-232,1999,3,2,100,1.1,0,0,0,0,0,0,1,0,0.0,0.0,0.0,0.0,3,3,6,0.00,0.00,0.00,0.00,0.00,0.00,0.03,0.03,0.00,0.03,Matches
Tyrick Mitchell,eng ENG,DF,Crystal Palace,25-217,1999,30,30,"2,520",28.0,0,4,4,0,0,0,2,0,1.2,1.2,5.3,6.6,51,55,143,0.00,0.14,0.14,0.00,0.14,0.04,0.19,0.24,0.04,0.24,Matches
Tyrone Mings,eng ENG,DF,Aston Villa,32-024,1993,11,9,871,9.7,0,0,0,0,0,0,1,0,0.8,0.8,0.2,0.9,5,34,0,0.00,0.00,0.00,0.00,0.00,0.08,0.02,0.10,0.08,0.10,Matches
Valentino Livramento,eng ENG,DF,Newcastle Utd,22-145,2002,28,23,"2,030",22.6,0,0,0,0,0,0,1,0,0.1,0.1,1.4,1.5,50,108,74,0.00,0.00,0.00,0.00,0.00,0.01,0.06,0.07,0.01,0.07,Matches
Victor Bernth Kristiansen,dk DEN,DF,Leicester City,22-111,2002,27,27,"2,335",25.9,0,1,1,0,0,0,1,0,0.3,0.3,1.3,1.7,38,68,71,0.00,0.04,0.04,0.00,0.04,0.01,0.05,0.06,0.01,0.06,Matches
Victor Lindelöf,se SWE,DF,Manchester Utd,30-263,1994,8,2,244,2.7,0,0,0,0,0,0,1,0,0.0,0.0,0.1,0.1,1,5,1,0.00,0.00,0.00,0.00,0.00,0.00,0.03,0.03,0.00,0.03,Matches
Virgil van Dijk,nl NED,DF,Liverpool,33-272,1991,30,30,"2,700",30.0,1,1,2,1,0,0,3,0,1.6,1.6,0.5,2.0,16,145,5,0.03,0.03,0.07,0.03,0.07,0.05,0.02,0.07,0.05,0.07,Matches
Vitaliy Mykolenko,ua UKR,DF,Everton,25-312,1999,28,28,"2,452",27.2,0,1,1,0,0,0,2,0,0.4,0.4,1.5,1.9,27,89,69,0.00,0.04,0.04,0.00,0.04,0.01,0.05,0.07,0.01,0.07,Matches
Vitaly Janelt,de GER,MF,Brentford,26-331,1998,29,26,"2,157",24.0,1,3,4,1,0,0,3,0,0.8,0.8,2.2,3.0,17,78,36,0.04,0.13,0.17,0.04,0.17,0.03,0.09,0.12,0.03,0.12,Matches
Vladimír Coufal,cz CZE,DF,West Ham,32-227,1992,15,8,736,8.2,0,0,0,0,0,0,2,0,0.2,0.2,0.6,0.8,11,28,21,0.00,0.00,0.00,0.00,0.00,0.02,0.08,0.10,0.02,0.10,Matches
Wataru Endo,jp JPN,MF,Liverpool,32-056,1993,15,0,148,1.6,0,0,0,0,0,0,0,0,0.0,0.0,0.0,0.0,0,9,1,0.00,0.00,0.00,0.00,0.00,0.00,0.01,0.01,0.00,0.01,Matches
Welington,br BRA,"DF,MF",Southampton,24-046,2001,5,3,182,2.0,0,0,0,0,0,0,1,0,0.0,0.0,0.0,0.0,2,3,9,0.00,0.00,0.00,0.00,0.00,0.00,0.02,0.02,0.00,0.02,Matches
Wes Burns,wls WAL,"FW,DF",Ipswich Town,30-134,1994,18,12,926,10.3,0,1,1,0,0,0,1,0,0.5,0.5,1.6,2.2,38,8,65,0.00,0.10,0.10,0.00,0.10,0.05,0.16,0.21,0.05,0.21,Matches
Wesley Fofana,fr FRA,DF,Chelsea,24-110,2000,14,14,"1,172",13.0,0,0,0,0,0,0,7,0,0.4,0.4,0.4,0.8,19,32,4,0.00,0.00,0.00,0.00,0.00,0.03,0.03,0.07,0.03,0.06,Matches
Wilfred Ndidi,ng NGA,MF,Leicester City,28-111,1996,21,21,"1,735",19.3,0,4,4,0,0,0,5,0,1.6,1.6,1.7,3.3,13,51,67,0.00,0.21,0.21,0.00,0.21,0.09,0.09,0.17,0.09,0.17,Matches
Will Hughes,eng ENG,MF,Crystal Palace,29-354,1995,25,19,"1,650",18.3,0,3,3,0,0,0,10,0,0.9,0.9,2.5,3.4,18,79,24,0.00,0.16,0.16,0.00,0.16,0.05,0.14,0.18,0.05,0.18,Matches
William Saliba,fr FRA,DF,Arsenal,24-013,2001,29,29,"2,544",28.3,2,0,2,2,0,0,2,1,2.2,2.2,0.5,2.7,14,121,6,0.07,0.00,0.07,0.07,0.07,0.08,0.02,0.10,0.08,0.10,Matches
William Smallbone,ie IRL,MF,Southampton,25-044,2000,12,6,555,6.2,1,0,1,1,0,0,1,0,0.4,0.4,0.6,1.0,4,22,18,0.16,0.00,0.16,0.16,0.16,0.06,0.10,0.17,0.06,0.17,Matches
Willian,br BRA,"MF,FW",Fulham,36-240,1988,6,1,155,1.7,0,0,0,0,0,0,0,0,0.1,0.1,0.2,0.4,5,23,15,0.00,0.00,0.00,0.00,0.00,0.07,0.13,0.20,0.07,0.20,Matches
Willy Boly,ci CIV,DF,Nott'ham Forest,34-062,1991,6,1,150,1.7,0,0,0,0,0,0,1,0,0.1,0.1,0.0,0.1,0,2,0,0.00,0.00,0.00,0.00,0.00,0.04,0.00,0.04,0.04,0.04,Matches
Wilson Odobert,fr FRA,FW,Tottenham,20-129,2004,9,5,416,4.6,0,0,0,0,0,0,0,0,0.7,0.7,0.1,0.8,29,17,38,0.00,0.00,0.00,0.00,0.00,0.15,0.03,0.17,0.15,0.17,Matches
Wout Faes,be BEL,DF,Leicester City,27-003,1998,27,23,"2,185",24.3,1,0,1,1,0,0,3,0,1.2,1.2,0.1,1.3,11,72,1,0.04,0.00,0.04,0.04,0.04,0.05,0.00,0.05,0.05,0.05,Matches
Woyo Coulibaly,fr FRA,DF,Leicester City,25-321,1999,4,1,109,1.2,0,0,0,0,0,0,1,0,0.0,0.0,0.0,0.0,4,3,2,0.00,0.00,0.00,0.00,0.00,0.04,0.00,0.04,0.04,0.04,Matches
Yankuba Minteh,gm GAM,"FW,MF",Brighton,20-258,2004,25,14,"1,337",14.9,5,4,9,5,0,0,6,0,3.3,3.3,4.3,7.6,59,29,141,0.34,0.27,0.61,0.34,0.61,0.22,0.29,0.51,0.22,0.51,Matches
Yasin Ayari,se SWE,MF,Brighton,21-182,2003,27,17,"1,543",17.1,0,1,1,0,0,0,3,0,2.1,2.1,2.1,4.2,22,58,54,0.00,0.06,0.06,0.00,0.06,0.12,0.12,0.25,0.12,0.25,Matches
Yehor Yarmoliuk,ua UKR,MF,Brentford,21-036,2004,23,8,877,9.7,0,0,0,0,0,0,3,0,0.6,0.6,0.3,0.9,12,37,39,0.00,0.00,0.00,0.00,0.00,0.06,0.03,0.09,0.06,0.09,Matches
Yerson Mosquera,co COL,DF,Wolves,23-339,2001,5,5,441,4.9,0,0,0,0,0,0,2,0,0.3,0.3,0.1,0.4,0,7,0,0.00,0.00,0.00,0.00,0.00,0.07,0.02,0.09,0.07,0.09,Matches
Yoane Wissa,cd COD,FW,Brentford,28-215,1996,27,26,"2,200",24.4,14,2,16,14,0,0,2,0,13.8,13.8,1.6,15.4,44,52,120,0.57,0.08,0.65,0.57,0.65,0.56,0.07,0.63,0.56,0.63,Matches
Youri Tielemans,be BEL,MF,Aston Villa,27-334,1997,31,31,"2,645",29.4,2,5,7,2,0,1,4,0,2.7,1.9,6.2,8.1,31,198,37,0.07,0.17,0.24,0.07,0.24,0.09,0.21,0.30,0.06,0.27,Matches
Yukinari Sugawara,jp JPN,"DF,MF",Southampton,24-282,2000,27,15,"1,440",16.0,1,1,2,1,0,0,4,0,0.4,0.4,2.2,2.7,31,67,73,0.06,0.06,0.12,0.06,0.12,0.03,0.14,0.17,0.03,0.17,Matches
Yves Bissouma,ml MLI,MF,Tottenham,28-219,1996,22,14,"1,145",12.7,2,0,2,2,0,0,6,0,0.6,0.6,0.2,0.8,15,68,3,0.16,0.00,0.16,0.16,0.16,0.04,0.02,0.06,0.04,0.06,Matches
Álex Moreno,es ESP,"DF,MF",Nott'ham Forest,31-302,1993,14,10,865,9.6,0,1,1,0,0,0,2,0,0.2,0.2,1.0,1.1,25,30,32,0.00,0.10,0.10,0.00,0.10,0.02,0.10,0.12,0.02,0.12,Matches
İlkay Gündoğan,de GER,MF,Manchester City,34-164,1990,26,18,"1,624",18.0,0,3,3,0,0,0,1,0,1.8,1.8,2.5,4.3,42,102,67,0.00,0.17,0.17,0.00,0.17,0.10,0.14,0.24,0.10,0.24,Matches
Łukasz Fabiański,pl POL,GK,West Ham,39-353,1985,13,12,"1,070",11.9,0,0,0,0,0,0,2,0,0.0,0.0,0.0,0.0,0,0,0,0.00,0.00,0.00,0.00,0.00,0.00,0.00,0.00,0.00,0.00,Matches
